文章編號,標題,作者,內容,日期,文章類型,讚數,噓數,中立數
M.1579602697.A.962,"Re: [震怒] 幹您娘！永邦的""原創曲""是抄襲鳥の詩！",magicchase (喔耶耶耶耶耶),幹你娘咧死台商賺大陸錢 得病回台灣還把武漢肺炎帶進來 米蟲 社會敗類 政府應該比照豬瘟 大陸人與豬肉不得入境 對支那人就是豬 ,2020/01/21 18:31:35,回文,0,0,2
M.1579604319.A.B01,Re: [黑特] 幹你娘武漢肺炎進來ㄋ,twoKBOy (煩~),: 肥宅請口罩買起來 : 過年不要亂跑幹 : 進來了 麻的逼 本來今天早上 拎杯只有輕微的喉嚨痛 結果現在已經開始畏寒 頭暈 夯夯 肌肉痠痛QQ 嗚嗚嗚我要成為黑特第一起武漢病了嗎? 黑特人數1 ,2020/01/21 18:58:36,回文,6,7,3
M.1579621291.A.601,[火大] 女友要跟從中國回來的朋友出國玩,foxsoul (帽子先生),女友3月要跟一個在中國上海工作的閨蜜出國玩 媽的勒好說歹說要她取消，講不聽 很期待旅行我當然能理解，阿幹你媽就世界毒瘤中國搞武漢肺炎這齣，知道了還不曉得鼻子 摸一摸龜起來等疫情平息 現在沒有疫苗啊 要是中標了以後再也沒機會玩啦 哭哭哭說我親情勒索 幹 ,2020/01/21 23:41:29,主文,0,0,0
M.1579669699.A.BDE,[黑特] 來去吃飯,angelgirl13 (三花安安粉<3),餓餓 然後來去做指甲 嘻嘻 過年要美美 待在家XDDDDDDDDD 草泥馬武漢肺炎能不出門我才不出門 ,2020/01/22 13:08:17,主文,1,0,1
M.1579709953.A.243,[煩耶],mymicos (mymicos),看到武漢肺炎的消息覺得好不舒服， 因著求生本能， 人性最低劣的部分都會被召喚出來。 我不開心 : ( 幹你娘中共 豪洨哥，你的豆頁還好 : ( 那我們還可以一起笑 :)) 保重啊多休息...,2020/01/23 00:19:11,主文,0,1,7
M.1579787134.A.0C0,[黑特] 這次醫科最低錄取,fengyu118 (煩魚),可能會降低 因為武漢肺炎 我是覺得不太可能啦幹 我爸說的 ,2020/01/23 21:45:32,主文,1,0,5
M.1579841895.A.14E,"Re: [震怒] 幹您娘！永邦的""原創曲""是抄襲鳥の詩！",rererere147 ( ),幹你老師 不看新聞說沒國際觀 看新聞A台說武漢肺炎不嚴重 沒事兒沒事兒 B台報 比sars感染力強十倍 加上防疫漏洞 怕 到底 結果看了新聞 我他媽還是要自己查 啊 一堆燒金紙的味道 Sent from JPTT on my iPhone ,2020/01/24 12:58:10,回文,0,0,1
M.1579873967.A.011,[黑特] 武漢肺炎,lpbrother (LP哥(LP = Love & Peace)),好像越來越嚴重了 最麻煩的地方就是因為發病的時候， 有些人會誤以為是一般感冒， 自行服用感冒退燒藥， 感冒藥也不是什麼很難買的東西， 搞不好也不一定會去醫院， 很難檢驗， 有些人被感染也不一定會發病， 就更麻煩 補個幹 ,2020/01/24 21:52:45,主文,5,0,2
M.1579874655.A.5EA,Re: [黑特] 武漢肺炎,goss3367 (便便ㄉ媽),我買了七盒口罩 貪生怕死就是我 3064住大陸旁邊真的衰小 不要說肺炎了他的豬瘟 就搞到我生意沒辦法做 想到又杜蘭起來幹 ,2020/01/24 22:04:13,回文,3,0,10
M.1579923300.A.952,Re: [黑特] 抱,sagem29 (YF 的 殺菌),一早醒來 點開yt 推薦影片是大紀元 這是我第一次看大紀元 馬的 主持人談武漢肺炎的狀況 竟然哭了 看完影片 覺得人命真的好卑微 天啊 到底中國會不會滅亡啊 快點亡一亡吧 外面484在下雨啊 我想出去走春耶 幹 ,2020/01/25 11:34:52,回文,6,0,17
M.1579972789.A.207,[夭壽] 自私台商,wowilan (),武漢肺炎爆發 要上班的時候大家可能戴口罩了 這樣我沒辦法偷瞄我喜歡的同事了 嗚嗚嗚 好想看你害羞臉紅的樣子 這樣我上班沒動力啦 Sent from JPTT on my iPhone ,2020/01/26 01:19:45,主文,0,0,0
M.1580035674.A.8C1,一直被側目,AngryYouth (森寶 420friendly),我在捷運上瘋狂咳嗽 雖然我有戴口罩但還是一直被側目 是不是被以為是武漢肺炎啊 好委屈喔 ,2020/01/26 18:47:52,主文,1,0,5
M.1580036421.A.D41,Re: 一直被側目,AngryYouth (森寶 420friendly),: 我在捷運上瘋狂咳嗽 : 雖然我有戴口罩但還是一直被側目 : 是不是被以為是武漢肺炎啊 : 好委屈喔 而且沒人敢坐我旁邊 聽到我狂咳嗽還馬上叫小孩把口罩戴起來 剛好捷運又在廣播有感冒症狀或身體不適旅客請配戴口罩 好像我是瘟神 ,2020/01/26 19:00:19,回文,5,0,1
M.1580104312.A.655,[超幹] 武漢肺炎,gary0215 (鮪魚),武漢肺炎導致於現在哪裡都不能去，因為根本 不知道誰中招了，一人從大陸回來都會隱瞞病 情，避免被抓去負壓室隔離....所以這樣哪天西 門町來一起病例，大概台北市就要淪陷了吧 ,2020/01/27 13:51:50,主文,1,0,1
M.1580126734.A.B8F,[夭壽] ,aa78216 (寄了回我),想到之前很多人說要移民 不知道武漢肺炎這樣 還有沒有人要投回祖國懷抱？ 幹點就是剛剛量體重胖了三公斤 媽的我228還要當伴郎欸 ,2020/01/27 20:05:32,主文,3,2,2
M.1580128832.A.4F4,[黑特] 搭飛機的通常都是搭捷運回家吧,lpbrother (LP哥(LP = Love & Peace)),剛新聞斗大標題說 台女染武漢肺炎曾搭捷運衛福部證實了 她本來就是搭飛機回國， 90%的人應該都是搭捷運回家吧 特別是這種常出國的 寫得好像多恐怖一樣 補個幹 ,2020/01/27 20:40:30,主文,1,0,2
M.1580287135.A.C4E,[黑特] 口罩之亂讓我看到台灣人的自私,ketrktt (爸爸我會想你的~),覺得想來抒發一下自己的感覺 最近武漢肺炎的關係，口罩供不應求，政府也明令禁止出口口罩一個月。 當然政府的政策一定有他自己的考量，但真正讓我覺得生氣的是，台灣人什麼事情都要泛政治化 昨天無意間看了網上一些藝人批評政府的政策，結果底下一堆網民給他們貼上舔共的標籤。 所以如果今天我支持口罩持續出口，我就是屬於舔共的人嗎？ 我也覺得中共長期對我們的政治打壓很可惡，也覺得中共之前限制香港人蒙面現在淪落到全國人民都要戴口罩根本就是現世報 但那些得到肺炎的人可都是平民老百姓而不是那些政客啊 可恨的是那些政客，但受害的都是人民啊 兩種事情我覺得不能混為一談 不管政府要不要出口口罩，我覺得都無所謂。但我受不了的是台灣人無法有接納不同意見的雅量。 如果今天我跟你的意見不同，我就要被批評成是錯的？ 在社會上生存久了，多少都會有一些和自己不對盤的人。如果你今天看到一個人在大馬路上被車撞了，倒在路邊爬不起來，但那個人和你有過過節，請問，你要不要幫他？ 以我自己的觀感，我不求我自己有多少大愛幫他叫救護車送他去醫院，但至少把他拖到路邊不要再被下一輛車碾過吧 我覺得這是一個身為人的基本人道 至於那些認為禁止口罩出口是為了防疫的人，我個人覺得他們都是在自欺欺人而已。 我就這樣問吧：如果今天是爆發東京肺炎，請問你們認為政府禁止口罩出口的政策還是對的嗎？ 摸著自己的良心，回答這個問題。 ___________________________________________ 當然囉哩八嗦了一堆，還是想強調這只是我的個人想法，如果你認同就推，不認同就噓，我都可以接受，只是想知道有多少人跟我的想法一樣而已 ,2020/01/29 16:38:52,主文,9,9,29
M.1580311133.A.934,[黑特] 欸我,angelgirl13 (三花安安粉<3),突然想到 武漢肺炎 就不能 隨便交換體液了欸 討m 不能瘋狂做愛 話說 剛剛鬼父推文說 很驚訝我會問那個 真的不用驚訝r ,2020/01/29 23:18:51,主文,3,0,9
M.1580371046.A.8D7,[黑特] 武漢肺炎與台股1/30也GG了,rock5275371 (ethan),看看自己過年前/過年後差異真的很大 光2020/01/30 第一天開盤跌了696點 一整年也不見得會漲這麼多 ,2020/01/30 15:57:24,主文,1,0,1
M.1580377175.A.5BD,[震怒] 碼的,itme29 (it),有些商品系列比較多 本來打算全部賣掉再來叫貨 因為我是某系列賣空其他還有 結果武漢肺炎導致工廠開工都有問題 只好今天硬著頭皮跟廠商點進來 不然我怕再來要大缺了............... 3064 這兩個禮拜都沒賺錢 月初一堆錢要繳 現在又要噴一筆 幹幹幹幹 ,2020/01/30 17:39:33,主文,3,0,1
M.1580379967.A.9DF,Re: [黑特] 武漢肺炎與台股1/30也GG了,twoKBOy (煩~),GG也GG QQ 幹0勞咧 年前已經篩選一波 砍了一些不適合留過年的 結果幹 肺炎補跌也補太兇 555冷氣團來了公園超級冷的 995QQ ,2020/01/30 18:26:04,回文,5,0,7
M.1580379967.A.9DF,Re: [黑特] 武漢肺炎與台股1/30也GG了,NiKangKangNi,世界上只有10種人 懂二進位和不懂二,2020/03/24 16:07:00,推,5,0,7
M.1580379967.A.9DF,Re: [黑特] 武漢肺炎與台股1/30也GG了,NiKangKangNi,進位的人,2020/03/24 16:07:00,→,5,0,7
M.1580379967.A.9DF,Re: [黑特] 武漢肺炎與台股1/30也GG了,swallowhome,那其他8種呢,2020/03/24 16:07:00,→,5,0,7
M.1580380068.A.04F,[黑特] 冷爆,ppc (萬燈謝盡 流光不回),這幾天也太冷了吧 幹 只想窩在家裡吃喝看影集睡覺 出門好痛苦啊 不買杯熱咖啡喝在冷風中走簡直是酷刑 冬天冷的時候想要天氣快點回暖 夏天熱的時候想要冬天快點來變冷 人生真難 很幹的是今天又新增一個病例QQ 很希望台灣武漢肺炎能完好控制住 希望生病的人都能恢復健康 台灣加油 ,2020/01/30 18:27:45,主文,0,0,3
M.1580384928.A.8CA,[黑特] 武漢肺炎病例已經超過 Sars 了,lpbrother (LP哥(LP = Love & Peace)),新聞說武漢肺炎的得病數，全世界加起來已經超過 7900 例 超過 SARS 那時候的 5327 例 鄉民真的要多注意 今天戴了整天的口罩 害我耳朵有點痛 ,2020/01/30 19:48:46,主文,5,0,2
M.1580426684.A.A10,[黑特] 武漢肺炎,Korkerlo (客克),武漢肺炎疫情都那麼嚴重了 還是有人咳嗽不戴口罩 那些人都去武漢待一個月好了 ,2020/01/31 07:24:42,主文,2,0,1
M.1580470728.A.7B4,[黑特] 樂芙突然想到,trolkin (邊緣人003),樂芙今天去買東西的時候 沒有戴口罩 幹幹幹 忘記戴口罩了 嗚嗚嗚嗚 我會不會得武漢肺炎死掉 有甚麼方法可以補救？ 現在寫遺書來得及嗎 急在線等 幹點是昨天中午本來想吃火鍋 結果店家跟我說湯用完了沒得吃 幹 ,2020/01/31 19:38:46,主文,7,1,14
M.1580547304.A.71D,[黑特] 我會不會得到武漢肺炎,haiduc (小火柴),今天去麥當勞喝點東西 座位對面做了兩個在談重要事情的 可能是談生意 一個戴口罩 一個沒戴口罩 後面來了一個似乎是穿西裝的 跟我這邊座位要了一張椅子 他們三個人看著筆記型電腦談一談 那個後來的西裝男打了一個打噴嚏 我當下在喝東西 沒戴口罩 覺得有點危險 坐附近的其他人不戴口罩的 有比平常多一點 但是我要保命 我家裡還有人要照顧 那個打噴嚏的有沒有肺炎啊？ 我只知道有些人是要錢不要命的 打噴嚏手或手臂都不遮口 就這樣讓飛沫飛散在空氣中 虧他是個穿西裝的 打噴嚏時速最高可以達300公里的 打噴嚏還不遮 我當下還蠻想打1922的 不遮口就要戴口罩 誰知道你有沒有病菌 搞什麼飛機 ,2020/02/1 16:55:01,主文,2,1,1
M.1580629976.A.B78,[超幹] 新聞再爆廣東還有人賣野味,rock5275371 (ethan),這種錢沒賺會死啊啊啊 害全球SARS 武漢肺炎還不悔改 ,2020/02/2 15:52:54,主文,1,0,0
M.1580657699.A.3FE,[黑特] 好心給網址,MadCaro (麥卡珞),好心給網址 點進去就有內容 有說要自行google 連自行google都不會 還要我幫忙 另一個是直接問我多少錢哪裡報名 馬的是智障嗎？ 都說自行google了是不會自己查喔 什麼東西都要用伸手牌是不是 低能兒 不要連google都要人幫好不好 廢物 該死的武漢肺炎讓我害怕出去找工作 現在還好是有控制住 所以我還是覺得要跨出去 不是說男友不可靠 是我覺得靠自己最好 我覺得突然變得好黑暗喔呵呵 好像八卦看太多變得很黑暗 我看還是小心自己的情緒跟內心平靜好了 有些人就是搞不清楚狀況其實不用那麼兇啦 算了 懶得管他們 我以後覺得太扯的其實也不用幫 給他們找一口井還要給他們打水喔 Sent from JPTT on my Asus P024. 昨天男友爆炸了以後 我就開始懷疑他不夠愛我 我也開始把心收回來 覺得我的心輪的地方 堵 塞 了 可是我還是心軟吧 我也不知道再繼續觀察好了 這次用平靜的態度看他到底有多愛我,2020/02/2 23:34:57,主文,0,0,0
M.1580664955.A.C50,[黑特] 想像力,trolkin (邊緣人003),八卦板某系列文想像力會不會太豐富 確實四個片段跟HIV一樣是機率不高啦 但後面那串回文是三小== 連武漢肺炎是飛沫傳染的HIV這種話都出來 RNA某段一樣不代表蛋白質folding之後會一樣 而且那段序列看他們講不是只是關於表面受體序列 還有一串陰謀論 樂芙看完覺得懶覺痛 PTT也開始流行幻想文 想改用低能卡 還是其實是我太菜看不懂鄉民文章QQ ,2020/02/3 01:35:53,主文,14,4,81
M.1580748057.A.790,[黑特]  ,itme29 (it),有些人真的很極端不能接受任何意見 剛剛有人在貼口罩限額的事 我就留言說一個禮拜兩片很少 結果就被炮火猛開了 什麼台灣已經很好了 你怎麼不滾去其他國家 台灣生產量就這樣 日本怎樣怎樣 你怎麼不怪那些囤貨的人 奇怪 我就是真的覺得一個禮拜兩片很少啊 難道講了這麼多就能改變很少的事實嗎 我說沒有那個口舌也不想跟人家吵啦 但是事實就是真的很少 很少 扯到什麼台灣很好 滾去其他國家 這就真的太多了 想到有一次在路邊有人叫我簽名連署 我不簽那個人就說我沒有愛心 做人要有愛心 做善事幹嘛的 難道我平常做善事也要貼出來給你看嗎 少在那邊道德綁架 我根本不屑這種事 我一年捐款數字不多 但時間一到我錢就是會出去 而且我平常做的小事善事也很多 難道我不簽名就沒有愛心嗎奇怪 再說句坦白的 武漢肺炎這件事情從爆發前我就在關注 原因很膚淺就是大陸豬瘟影響到我生意 所以12月初批踢踢有文章時我就每天看 到現在我一天還是看十幾篇有 什麼進出口數字 什麼台灣搶貨 拜託我都知道好嗎 還有人貼口罩消毒給我看 拜託小姐我昨天就看過了 然後呢還是不能否認一天2片很少啊 要我看到台灣的好 要我知足感恩 要我去罵囤口罩的人 拜託 我只想說 一個禮拜兩片就是真的很少 為什麼可以扯這麼多 我真的不懂啊 真的不得不承認有些人就是真的很閒 真的大人是應該心知肚明笑而不語，而不是到處開戰否定別人的聲音，就算那只是一句實 話沒有任何意思 說實話我今天就是抱怨我也沒想改變什麼(也沒那個能力)，能為這件事戰我扯臺灣價值的 人 我也想跟你說 沒事多睡覺 好嗎？ 別像我想睡還有事要做哩 神經病 ,2020/02/4 00:40:55,主文,0,1,0
M.1580752284.A.470,[黑特] 在沒搶到口罩之後,rowland (淺酌),好久沒在PTT發文，原本想在FB碎碎念就算了，但想到鄉民臥虎藏龍， 所以斗膽上來請教小弟的創意是否可行， 沒想要發國難財，能為眼前的口罩危機提供解決的創意，對小弟而言就心滿意足了 [再強調一次：小弟非醫護公衛專業人員，出自善念提供創意思考的發想， 亦歡迎專業人士指正或補足不當之處。然後可以的話盡量別打我臉，我怕痛~~] 正文開始： 關於外科口罩荒，可不可以有另外的應急方案？ 武漢肺炎引發了全民防疫意識，曾幾何時總是乏人問津持續促銷的外科口罩， 成為供不應求全民(全世界)瘋搶的珍稀品。 也許就是因為這個附圖，( https://imgur.com/SSdXRpv ) 明確地告訴了民眾：活性碳口罩跟傳統棉口罩無法阻斷病毒威脅， 讓全民積極地搶購外科口罩。搞到政府必須出來喊話，並積極實施配給動作..... 今晚午夜前，事實上小弟也出門去試圖攔截最後一波超商口罩卻落空， 回頭的時候我認真的想了一想， 如果可以讓一個外科口罩具有保護效果的連續使用個幾天甚至一星期的， 是不是大家就不用這麼恐慌地瘋搶了？ 所以小弟大膽的提出這個想法： 能不能對外科口罩提供有意義且可重置的表層防護 簡單的說法就是讓口罩也穿一層衣服(例如棉布)， 讓原本具有防護效果的外科口罩為人體阻隔病毒， 而讓這層衣服替外科口罩擋去外來的沙塵跟人體唾液之污染。 如此一來只要定時對外層的保護棉布層進行清洗消毒， 而提供主要防護功能的外科口罩的耗損性就不會那麼高了。 當然，對於可能被病毒侵犯的外科口罩，用過即丟是最安全的保護 但對於急需大量外科口罩防護而不可得的朋友， 或者是需要進入密集空間容易發生群聚感染又存量不夠的各級學校師生？ 如果可以延長單一外科口罩的使用期限 例如： 直接買兩個相等大小的棉布口罩，將上緣與下緣縫好固定， 中間提供塞入一個外科口罩的夾層空間。 使用時將買得到(政府配給)的外科口罩塞入夾層空間，正常使用即可 每天使用完後將內層外科口罩取出妥善保存， 將外層進行清潔消毒(高溫熱水煮沸 or ...... )， 然後重複性地利用直到內層的外科口罩已不堪使用需更替即可。 其實我也知道，承平時期外科口罩的供給量充沛，根本不需要如此大費周章。 不過眼前應急所需，如果小弟的想法可行（或說可以被神人接著修正補強)， 不知道能不能解決眼前全球性因防疫而造成的口罩荒呢？ 非常歡迎指正 寫在文後：眼前台灣的外科口罩確實不夠供不應求，不適宜對外出口。 但小弟的創意想法若可行，沒有版權，不要專利，歡迎提供給全世界。 打哪裡都好，別打我臉~~ ~ 微笑 ~ rowland :轉錄至看板 Gossiping 02/04 02:07,2020/02/4 01:51:20,主文,2,0,2
M.1580797383.A.9B2,出團都出事啦幹,lucky713 (幸運a蒜頭),旅行社賺災難財去死啦 去你媽的逼 報名的時候沒有災情 一報完就武漢肺炎大爆發 還不知道要在北京轉機 幹 現在還不給退團 我他媽怕死不行喔 臭婊子 貴旅行社出團都出事啦 ,2020/02/4 14:23:00,主文,1,0,1
M.1580874662.A.9AB,[黑特] 武漢肺炎有點想得,qqmaybenot (qq),如果可以快點死的話 我這想法好可怕 但怎麼了? 我不知道了，滿難過的 posted from bbs reader hybrid on my asus ASUS_Z017DA,2020/02/5 11:51:00,主文,3,0,7
M.1580889192.A.C50,[黑特] 芬蘭研究:帥的男生不容易得武漢肺炎,silentknight (清純男),芬蘭土庫大學（Turku）公布一項研究報告指出，男生長相樣貌越帥，自體免疫力比一般 人高，較不容易生病，再度掀起話題。 芬蘭土庫大學教授馬克思（Markus J. Rantala）在最新一期的英國研究期刊發表，指出 男性長相俊俏、身材越完美，體內的睪丸激素水準較高，因而助於提升免疫力。 那醜的怎麼辦 人帥真好 人醜性騷擾 得肺炎比例較高 是不是該去買醫美股了 沒關係 少出門就好了 原來戳金是帥哥是個騙人的都市傳說,2020/02/5 15:53:09,主文,2,0,0
M.1580895471.A.FE8,[黑特] 武漢肺炎疫情狂飆,rock5275371 (ethan),危害全球疫情人數一直再創新高 根本沒在控制住啊 ,2020/02/5 17:37:49,主文,0,0,3
M.1580922026.A.205,Re: [黑特] 懶人包？,TzuyuChou117 (),徐正文的班機上多了三個人 其中一個確診武漢肺炎 三人後來傳是跟武漢台辦關係良好 因此原本244人的班機硬是多了這三個 這顯示了 1.海基會 陸委會根本被台辦無視 2.之後台商要回來 限制更多 3.政協動不了國台辦 只是傀儡廢柴 4.多一例 全機要追蹤 ,2020/02/6 01:00:24,回文,0,0,27
M.1580958346.A.B2F,太妍,cryy (死肥歪),為了演唱會買應援棒 結果因為武漢肺炎暫停售票 :) 去你的垃圾中共 ,2020/02/6 11:05:44,主文,1,0,3
M.1580996071.A.1E9,[黑特] 疫情曲線斜率依舊飆高,rock5275371 (ethan),武漢肺炎說什麼可控制 現在每天都破3000人確認染病 ,2020/02/6 21:34:29,主文,0,0,2
M.1580997341.A.D2A,[黑特] 老師,WeiU (微，Ｕ文),說武漢肺炎 所以這周會議全部延期 然後剛剛又發文 說肺炎影響 又剛好他有其他任務 下周會議繼續延期 老師你是不是想放寒假 不要覺得自己很失敗而難過， 其實你還沒有那麼失敗， 因為你還可以更失敗。 其實我覺得他下星期 應該是去國網中心或其他合作的公司 QQ,2020/02/6 21:55:34,主文,2,0,2
M.1581002064.A.AD0,[王八] 某些老人素質,J009 (九號王子),跟敗類差不多 過號了在該該叫 幹你娘我是知道誰誰幾號的喔？ 叫號機他馬的就是照順序叫的 廢物該死老女人耳朵可以帶出門嗎？ 沒耳朵快去自盡行不？ 靠北靠木最會 低能老人，跟垃圾台商一樣敗類 自己的行為自己負責啦 幹你娘死台商吃穿花的都是老子的稅金 撤僑個屁，全部撲殺最好啦 幹，連那個第一個確診的老女人台商隔離都是老子的稅金 阿不是在中國賺到翻？ 連錢都出不起就直接槍斃啦 垃圾台商，垃圾叫他們回來的家屬 賤民賤種死不足惜 賤種生出一堆孽賤 在電視上靠北親情三小，你游去武漢啦 賤人 廢物死台男，看就知道是死宅賤種 丟本存摺老子哪知道你要幹嘛？滑三小手機 活該存在感低找不到女生朋友自盡去死啦 沒腦活著浪費氧氣 自我感覺良好 跟那個生不出蛋的白癡母蟑螂主管一樣下賤 還有神經病智缺台男，靠北在窗口滑手機 點完銅板就在那裡耍智障 寫存款單不會喔？賤民一直滑手機又沒帶耳朵，還低能客訴 這種賤人被撞死了沒啊？ 得武漢肺炎了沒，最好快點發病去死 不然撞得面目全非最後死在自己的屎尿中也是蠻適合這種賤種台男的 沒點幾個臭錢銅板擺三小高姿態？ 所以說窮人就是可憐 可憐就算了還生個撿角的雜碎 為什麼要活著這麼丟人現眼呢？ 因為他們是沒水準的台灣人啊 Sent from JPTT on my HUAWEI INELX2. ,2020/02/6 23:14:20,主文,1,0,0
M.1581076409.A.A88,[火大] 到底吵了沒？武漢肺炎,wowilan (),馬的 大陸人一直增加確例 看了很火 害得大家不敢出國 我的10天出國計畫泡湯了幹 馬的 Sent from JPTT on my iPhone ,2020/02/7 19:53:26,主文,3,0,1
M.1581083302.A.B85,頭痛,cryy (死肥歪),到底是我用腦過度還是被傳染武漢肺炎 幹怕爆 ,2020/02/7 21:48:20,主文,5,0,7
M.1581334546.A.796,[黑特] 幹你娘,angelgirl13 (三花安安粉<3),我超想吃十二鍋== 幹幹幹幹幹幹幹幹幹 拜託快點有人來找我吃鍋好嗎 不然我也是會自己去啦 是說 我現在 真的沒很想出門 武漢肺炎真猛 ,2020/02/10 19:35:43,主文,4,0,6
M.1581415787.A.315,[黑特] 開放陸配來台,silentknight (清純男),好樣的 某會 嫌台灣得武漢肺炎太少 努力扯後腿 讓更多人有機會生病 幹 今晚你選那一個姿勢?? (\ (\ )) )) rz rz rzst /rz /r27\ r27\ =^ ,2020/02/11 18:09:44,主文,0,0,0
M.1581419586.A.E02,[超幹],aloneday (交流電),尼馬的 才在想說我的春天要來了 之前玩過一次桌遊的妹紙 一直約我喝下午茶 幹拎娘 搞了半天才知道他是安麗傳直銷的 之前問什麼職業 跟我說是美容濕 幹 所以我才不疑有他 3064 馬的 心機實在有夠重 開桌遊局拉傳直銷 然後一直拉拉拉拉拉 是有那麼缺膩？ 還讓拎北噴了217塊請你吃飯 幹 都怪拎北太單純了= = 去你的傳直銷 浪費拎北的錢和時間 幹 比武漢肺炎的病毒還討厭 滾你媽的啦 幹 ,2020/02/11 19:13:04,主文,0,0,0
M.1581422675.A.872,[黑特] 買米,silentknight (清純男),看新聞報導 由於武漢肺炎的影響 香港各類食物與日用品被搜刮 米 鹽 漂白水 紙被搶購 甚至有民眾想買米都買不到 這樣看起來 台灣的衛生紙之亂還算好的 一名自稱於傳染病中心工作的護士周四（6日）在facebook群組天水圍友發帖，表示 每天醫院上班做到隻狗咁，晚上下班回天水圍，想買包米和衞生巾也很難，而她家中 有96歲老人家一同居住，習慣要有米氣，惟家裏的米只餘下半包，超市的訂單也至少 要等到下周四（13日）才送到。 樓主文中慨嘆說：撲口罩，撲漂白水，究竟香港人做錯咩事？2003年做SARS病房嘅時候 都無咁慘。突然好感觸好想喊。帖文一出即有大批網民留言安慰和支持，當中很多 人紛紛表示自己家有米可以分享，還有漂白水、廁紙等各種日用品，並直言可提供送貨 上門服務。 今晚你選那一個姿勢?? (\ (\ )) )) rz rz rzst /rz /r27\ r27\ =^ 這幾天全家APP有咖啡66折歐 不限購買次數 但幾天而已,2020/02/11 20:04:32,主文,2,0,2
M.1581427900.A.844,[黑特] 喔不,fengyu118 (煩魚),剛剛在聽財經新聞 那個專家是這麼說的 那個武漢 喔不 新冠肺炎 這到底是不小心的還是高級酸 小弟好騎 ,2020/02/11 21:31:38,主文,1,0,0
M.1581473349.A.835,[黑特] 我想,angelgirl13 (三花安安粉<3),去逛一下菜市場 嘻嘻 我真的 很愛逛菜市場 不過我有點怕武漢肺炎== 幹 群聚很恐怖 幹你娘我也好想逛夜市 ,2020/02/12 10:09:06,主文,4,0,8
M.1581473483.A.3A0,PCB,dreamcomes (WIN OR GO HOME),幹你娘的華通台郡 還沒買完是在發動三小 還好武漢肺炎賠的錢賺回來了 不用睡公園了回家讚讚捏 ,2020/02/12 10:11:21,主文,0,0,1
M.1581484591.A.E25,[煩耶] 最近很不順,riceballs (三角太郎),唉 過完年到現在不順到爆.. 先是武漢肺炎讓我股票判斷錯誤 賠了一堆 理想公司人資先後來約面試，但第二階段 卻又無聲無息（說好的沒有也會通知呢）.. 最近又疏於健身，被別人說瘦了.. 總之 就是幹幹幹 一把年紀還是沒什麼進展。幹 ,2020/02/12 13:16:29,主文,0,0,0
M.1581492133.A.989,[黑特] 網購,WeiU (微，Ｕ文),說因為武漢肺炎 延遲出貨囉 真的很棒 不過現在送來我也不敢收 感覺就有病毒 = = ,2020/02/12 15:22:11,主文,2,3,10
M.1581509048.A.107,好的 武漢肺炎,cryy (死肥歪),幹 winnie happy organization要當中國的狗就算了 台灣還一堆人要當中國的狗是三小 說武漢肺炎是歧視 那香港腳日本腦炎伊波拉病毒不就超爆幹歧視 智障 ,2020/02/12 20:04:06,主文,1,0,6
M.1581510736.A.313,Re: 好的 武漢肺炎,silentknight (清純男),: 幹 : winnie happy organization要當中國的狗就算了 : 台灣還一堆人要當中國的狗是三小 : 說武漢肺炎是歧視 : 那香港腳日本腦炎伊波拉病毒不就超爆幹歧視 : 智障 : 現在香港與新加坡都50例了 本來5月有考慮去其中一個地方玩的 而且中國人大量從深圳逃到香港 真是替香港感到難過 今晚你選那一個姿勢?? (\ (\ )) )) rz rz rzst /rz /r27\ r27\ =^ 的是,2020/02/12 20:32:13,回文,1,0,0
M.1581570989.A.1B9,武漢肺炎之歌,cryy (死肥歪),不懂這種時候寫歌唱歌幹嘛 完全不覺得能激勵人心 自以為是珍珠美人魚喔 ,2020/02/13 13:16:27,主文,1,0,2
M.1581574907.A.E3B,[黑特]  ,itme29 (it),晚上先去看眼科Q_Q 我的針眼都不消 宗宗一直叫我去看 我不要 我說會不會是武漢肺炎引起的 他說我真的有事 我說如果我就直接被通報急診怎麼辦 : .... 我會不會再也看不到你 : ........ 如果這樣的話我要怎麼辦 : 下車 QQQQQQQQQQQQQQQQQQQQQQQQ 這是一個生理期感冒針眼發燒 的可憐女子的害怕 嗚嗚嗚嗚嗚嗚 大家再見Q_Q ,2020/02/13 14:21:45,主文,3,0,6
M.1581585626.A.4FA,[黑特] 每次都趁我狀況不好的時候打我,haiduc (小火柴),每次都趁我狀況不好的時候打我 SOB 學姐這女的鷹犬一堆 我講兩次最有印象的就好 之前我被機車族拿硬塑膠棒攻擊頭部 去醫院縫了四針 我躺在家裡床上休息時 還有人故意經過我住處在那邊講 他也不是帥哥了等一些酸言酸語的話 然後更可惡的是 騎機車攻擊我的那一批人還重回案發地 停下來大聲笑笑講講才離去 為什麼我知道 因為案發地就在我家旁邊的巷子 這次我為了防衛武漢疫情 壓力大 很多東西都背在背包裡面了 怕體弱多病的我隨時有可能被抓去治療隔離 背在背包裡面就算了 我還要常常跑藥局去採購 又要多背一些東西 後來因為背包太重 而且兩邊帶子長短不一 肩膀受力不均勻 然後壓迫到神經 於是我半邊臉很大一部分就麻了 頭裡面也是麻的 還麻到腦袋 頭還有點痛 還有點想吐 好在醫師安慰我 說不太可能是末梢血液不良或長什麼東西 也更不可能是中風 機率更低 醫師叫我要量力而為 不要那麼累 要多休息 這個症狀讓我吃了八天藥加兩項物理治療（復健） 麻的感覺才一天一天慢慢消退 最近累死了 身體操勞我人瘦了一點 精神壓力也大 然後學姐的鷹犬跟狐群狗黨還在那邊鬧我 總是有人跑到我家或我住處罵我講我修理我 連過年都不放過 要不是武漢肺炎來 搞不好會鬧更兇 神經病一個 累死了還要被她這種女人鬧 妳就不要讓我恢復 我恢復了就用獅吼功回應妳（你）們 這些人妨礙我的安寧 我用獅吼功 變成我妨礙人家的安寧 天下就是有這種事 所以學姐那一批人才能那麼囂張 ,2020/02/13 17:20:24,主文,0,0,0
M.1581588652.A.DB7,Re: [超幹] 公主抱3秒成功雙人門票現省999,lpbrother (LP哥(LP = Love & Peace)),兩個方案可以選一個， 不過現在武漢肺炎的關係， 應該鄉民都選戴口罩舉起女友吧 補個幹 : 我看到的是親親十秒欸 : https://i.imgur.com/7BqbqKP.jpg : 訂了啦 幹 : 我的肚子還是不舒服 : 明明就上過廁所了,2020/02/13 18:10:50,回文,5,1,11
M.1581645873.A.342,[黑特] 整天亂我,haiduc (小火柴),我住處常常有人騎車經過在亂我 騎車的人最近隨便暗示隨便亂講 說那個大學大我一屆的系學會會長學姐 要跟我做愛上床 我以為那個學姐要走以前透過應召站的模式 來當我的茶妹然後跟我上床 每次有人亂暗示這個說法 我就去看成人網站或色情業者的LINE 打算跟業者接觸來完成學姐想跟我上床的心願 可是我每次看那些色色的東西 我只會被人家干擾或擾亂得更兇 反正那個學姐並不是要跟我做那件事 可是卻老是有人故意跑到我家或我住處來放這個消息 而且最近明明武漢肺炎鬧很兇 大家保命都來不及了 學姐竟然要在這個時候跟我上床？ 最近有一陣子天氣冷得要命 明明還是冬天天很冷 學姐竟然要在天這麼冷的時間跟我上床？ 我覺得這個學姐很變態 還有跑到我家或我住處故意放這個消息的一些人也很變態 ,2020/02/14 10:04:31,主文,1,0,2
M.1581693189.A.730,[黑特] ,likahao (611/2),去你的武漢肺炎 去你的WHO 去你的談得賽 去你的習近平 Sent from JPTT on my iPhone ,2020/02/14 23:13:05,主文,0,0,1
M.1581703867.A.010,[火大] 幹你娘的武漢肺炎,lemonrains (好吃檸檬配章魚),去你他媽的中國狗 沒事搞出啥武漢肺炎 他媽的規劃這麼久的旅行要取消 還要認賠 他媽的 中國狗通通去死啦 最好全部被毒死好了 去他媽的小熊維尼 幹 Sent from JPTT on my iPhone ,2020/02/15 02:11:05,主文,0,0,1
M.1581915352.A.96C,[夭壽] 2020全球多個災多難,rock5275371 (ethan),現在才2010/Q1 已經有... 東非蝗災， 大陸武漢肺炎，非洲豬瘟，內蒙古鼠疫，四川禽流感 美國 軍事基地被火箭筒炸 這個年不平靜 ,2020/02/17 12:55:50,主文,1,0,1
M.1582002534.A.498,Re: [黑特] 吃到飽,silentknight (清純男),: 鄉民好像普遍鄙視吃到飽 : 覺得沒有質感 : 但像小弟這樣的年輕人 : 單點不是荷包覺決定跳樓或者吃不飽 : 你各位怎麼看 現在撿優惠最便宜 可以去吃到飽板看優惠 因為武漢肺炎的關係 之前很多需要訂位的吃到飽 現在直接去幾乎都會有位子 本來生意比較普通的吃到飽 有的暫停營業 有的買一送一 或是其他優惠 話說我上週五晚上去吃某間連鎖壽喜燒 以前都要先訂位 但是現在週五去不必訂位 只坐了大約7成歐 一定的啊 畢竟就是生意差人變少 大家不太敢去吃 才會給那麼多優惠 人少菜色也會變差,2020/02/18 13:08:51,回文,0,0,3
M.1582071658.A.B46,[超幹] 噁心巴拉,AnpingTW (阿P),他媽的賤人主管裝個屁? 去年專案拿優秀 年終被你評價是跑到好區 誰做都一樣 扣了一個月獎金 操你媽的還建議裁員 要我走路之類的 今年開春沒裁員 就把我調整到眾所皆知的爛區 要看看我能不能跑出一樣的成績 幹你娘當我白痴嗎 跑第一也扣錢跑最差也扣錢 誰還要每天都去跑? 當然是假日歸假日平時想去再去 能用電話當然不出門親訪 現在又有武漢肺炎 媽的我當然知道落後了 落後是怎樣? 怕要找人來收爛攤嗎? 今天裝什麼要我有困難要講 我的困難就是你 你滾了一切就恢復平靜 知道為什麼那些小人會得志? 因為有你這種最愛演的垃圾主管 不好好經營業務 每天演一些沒實際幫助的戲 你幫助了多少人? 幹你娘光聽到你講話的聲音就想吐 滾遠點滾滾滾 我在公司快10年了 看你能在公司待多久 ,2020/02/19 08:20:56,主文,0,0,0
M.1582094810.A.1B9,[黑特] 十愁難過豬鼠年,corydoras09 (六凡),八卦板有人在講蝗災 看了下崇禎九年 也是亥子交替 慘啊~ 武漢肺炎 印非蝗災 今年再來個 火山爆發 大地震 海嘯 乾旱 也不奇怪了 zz 感覺今年真的要死很多人咯 難怪去年的文疏不一樣了 什麼補天坑地洞 不知道會發生啥事 盜懶叫集團出動~,2020/02/19 14:46:48,主文,2,0,2
M.1582131511.A.24C,[黑特] 偏激,silius (希里),馬的 好不容易有幾個比較好的同事 但現在因為對武漢肺炎的看法不同有爭執 看來群組要廢了 我是覺得不用太緊張啦 唉 ,2020/02/20 00:58:29,主文,3,0,1
M.1582160478.A.3CA,[火大] 正你媽的名!!!,lawrence4239 (華哥),話說，最近疫情持續延燒，敝人公司剛好要國外旅遊去日本。 想當然爾，就會討論一下有可能發生的狀況，說著說著我們都習慣說武漢肺炎，然後旁邊某位同仁就出現了一聲新冠肺炎。 沒有想太多又繼續說，等到又講到關鍵字又被他出聲，這時我就受不了了，說了一聲啊..聽得懂就好了啦。 下一秒跟我很認真且激動的說，可以不要再說武漢肺炎了嗎?這樣不尊重武漢人。 我隨即回道.. 武漢肺炎又怎麼樣?日本腦炎人家日本人有出來靠夭嗎?德國痲疹德國人有出來靠北嗎? 就因為是在武漢發生，說武漢病毒又怎麼不尊重了?有必要這麼玻璃心嗎? 說完我就閃人了。 對方是個鐵藍且親共，整天宣揚祖國的好。 那也沒關係，我可以尊重你，民主社會我們要包容其他人的政治立場。 幹 有必要為了一個稱呼這麼的認真嗎? 現在究竟是防疫重要還是稱呼重要? 幹你媽的，是在哈囉? ,2020/02/20 09:01:16,主文,2,0,2
M.1582264423.A.5A1,[黑特] 月檢討,hsing30 (神隱＊星星知我心),現在幾乎每個月都要對成本做檢討~ 有時候對我們來說 就是一種該修就修的概念~ 檢討成本增加/減少的原因~ 忽然想到這個月 我的地區應該會被檢討吧 成本減少原因大概要寫武漢肺炎惹 _> 補個幹 當你仰望星空 想像其中一顆 星星 是我的靈魂,2020/02/21 13:53:39,主文,0,0,2
M.1582327593.A.390,[黑特] 幹妳媽的進香團,LUNALILITH (靜夜的綺麗幻戀),我幹妳媽的垃圾進香團，大清早的放鞭炮， 是怎樣，全遊覽車的人都中支那武漢肺炎要昭告先下是不是? 買個早餐回家還要因為你們這群垃圾遊覽車隊繞路， 幹你他媽怎麼不要燒香燒到全車隊都燒成灰? 一群垃圾老不死跟垃圾遊覽車隊最好全部都得肺炎死光光， 垃圾廟就是台灣敗壞的源頭，再加上你們這些死老頭， 全台灣都被你們這些雜碎害光光， 有點羞恥心吧，死老鬼，發揮一點你們最後的用處， 把垃圾廟拆了，然後你們也全部排隊跳進焚化爐， 燃燒你們自己的身體跟生命去進香行不行? 幹 垃圾廟 幹 垃圾進香死老鬼 幹 垃圾進香遊覽車 全都得肺炎死光光吧 幹幹幹幹幹幹幹幹幹 ,2020/02/22 07:26:31,主文,0,0,0
M.1582471484.A.271,[黑特] 2020是雖小的開始嗎？,JahillOkafor (拼錯名 誤我大業),本來天生就自帶雖小命了 垃圾武漢肺炎害我行程都毀了 感情也破碎 自己又把事情都擠在一起 什麼都一直做不好 現在一切都遭透了 ,2020/02/23 23:24:42,主文,0,0,0
M.1582506319.A.43B,[震怒] 糙你的支那豬,ugga (Ｄ調),幹你娘支那武漢肺炎 真他媽的亞洲病夫 就你一個老鼠屎 大家都不能出去玩了 最幹的是機票還不給退 糙你媽廉航 補個幹 ,2020/02/24 09:05:17,主文,0,0,0
M.1582517732.A.E5A,[黑特] 要搶票嗎?,silentknight (清純男),看到一些原本買不到的演唱會門票 因為武漢肺炎的關係 主辦單位開放退票 原本已經完售的演唱會 有空出來的位子 你們會去買票聽演唱會嗎? 但是歌手雖然曾經紅過 我會唱的歌好像只有4還是5首 我說的是高雄巨蛋的5566演唱會啦 5566不能亡 今晚你選那一個姿勢?? (\ (\ )) )) rz rz rzst /rz /r27\ r27\ =^ ,2020/02/24 12:15:29,主文,1,0,1
M.1582801700.A.A53,Re: [火大] 幹你娘的武漢肺炎,kuovsphy (反駁無罪 嗆人有理),: 去你他媽的中國狗 : 沒事搞出啥武漢肺炎 : 他媽的規劃這麼久的旅行要取消 : 還要認賠 : 他媽的 中國狗通通去死啦 : 最好全部被毒死好了 : 去他媽的小熊維尼 幹 : : Sent from JPTT on my iPhone 他媽的一個COVID19 我肏你媽的武漢肺炎 幹你娘新冠病毒 害我他媽整個行程打亂 考試面試工作都打亂 預定好的棒球賽事也打亂 肏 偏偏他媽的家裡有長輩是韓粉 還他媽幫腔 說台灣將有社區感染 講得一副見獵心喜鬼樣 我幹你娘習近平 媽的中國豬都是智障 你娘卡好 [哈拉] 一句話的恐怖故事 軍旅篇 板主:fogflower大師.. [軍旅] kuovsphy : 督導來了 看板《Militarylife》,2020/02/27 19:07:52,回文,1,0,1
M.1582817946.A.026,武漢肺炎,cryy (死肥歪),真的打亂所有計劃 不能出國就算了 本來想去上個課都不太敢上== 只好之後再說== 突然想到密閉空間上課也是蠻危險== g8 是台大對外開的付費課程 搞清楚狀況好不好 ^~^ 鼻你媽啦不要亂叫 準備當女神 快拍照片然後用可愛愛心遮臉,2020/02/27 23:39:04,主文,4,3,14
M.1582889969.A.14F,[超幹] 幹你媽武漢肺炎,p56734p (點點),幹幹幹幹幹 期待已久的第一次跟團 預計3/7號要出發北海道 誰知突然爆發武漢肺炎 這兩個月也一直關注疫情 直到發佈日本升二級後決定還是身體健康重要，而旅行社也在說他們住宿要付訂了，害怕之 慘賠19400元。 結果過兩天 虎航宣布北海道停航哈哈哈哈哈哈哈哈哈 差兩天我就不用賠19400了 欲哭無淚 幹幹幹幹幹幹 Sent from JPTT on my iPhone ,2020/02/28 19:39:27,主文,1,0,5
M.1582946924.A.07D,:),cryy (死肥歪),睡到十一點真的好爽喔 :) 想到在九月之前都沒事做 就覺得 好空虛 六個月 希望垃圾武漢肺炎快結束 :((((( 打亂我計劃的垃圾中國 ,2020/02/29 11:28:42,主文,5,0,11
M.1582956711.A.5C7,Re: ),cryy (死肥歪),: 睡到十一點真的好爽喔 :) : 想到在九月之前都沒事做 : 就覺得 : 好空虛 : 六個月 : 希望垃圾武漢肺炎快結束 : :((((( : 打亂我計劃的垃圾中國 Newtype : udemy或coursera線上學吧 欸對欸這種時期好像也可以這樣 打工的話 大概下禮拜找翻譯工作接吧 看完這集德魯納就出門打簡歷 表志勳好可愛幹幹 ,2020/02/29 14:11:49,回文,0,0,0
M.1583227650.A.8FB,[黑特] スカパー！アダルト放送大賞2020延期了,silentknight (清純男),因為武漢肺炎 所以放送大賞2020延期了 每個女演員努力一整年 就是希望得獎 幹~~~ ,2020/03/3 17:27:27,主文,0,0,0
M.1583351551.A.380,武漢肺炎,lucky713 (幸運a蒜頭),幹令娘垃圾中國人 中國武漢肺炎 中國武漢肺炎 中國武漢肺炎 中國武漢肺炎 中國武漢肺炎 中國武漢肺炎 中國武漢肺炎 中國武漢肺炎 中國武漢肺炎 中國武漢肺炎 中國武漢肺炎 中國武漢肺炎 垃圾肺炎國 這根本上帝拯救地球契機 消滅這個垃圾低端種族 中國人死光光最棒了 滯台中國人死台商全部都死光光最棒了哈哈哈哈哈哈 好險當初沒選錯人 ,2020/03/5 03:52:29,主文,0,0,0
M.1583550434.A.642,[黑特] 很多高中妹,lpbrother (LP哥(LP = Love & Peace)),剛在路上看到很多穿制服的高中妹， 想說是怎麼回事 無聊上他們的官網去查行事曆 原來今天是第一學期不及格補考 鍵盤猜測是因為原本都在寒假補考 但是因為今年因為武漢肺炎的關係延期到開學後才補考 重點是現在高中妹就化妝化很大 補個幹 ,2020/03/7 11:07:12,主文,5,0,3
M.1583589783.A.931,[黑特] 007,silentknight (清純男),007電影因為武漢肺炎延期上映 google一下 發現007系列已經上映了24集 但我好像只有看過4集 有沒有007達人可以說一下 007哪幾部好看的 原來007是系列電影裡面總票房第6的耶 真猛 玩命關頭系列才排第10 補個幹點 已經3個月沒去電影院了 要衝嗎? 還是等疫情結束 今晚你選那一個姿勢?? (\ (\ )) )) rz rz rzst /rz /r27\ r27\ =^ ,2020/03/7 22:03:00,主文,1,0,1
M.1583604738.A.A0B,[煩耶] 工作真忙,ppc (萬燈謝盡 流光不回),最近工作真的太忙 今年整個大爆炸 從一月忙到現在 而且遙遙無止期 舊的事情還沒解決 新的事情又疊上來 現在幾乎每個週末都抽一天加班了 甚至228連假還加班兩天 回老家然後待在咖啡店工作= =...幹 雖然至少可以報加班費 是唯一的慰藉 但賺的加班費也沒地方花 今年武漢肺炎太嚴重 根本出不了國 看來今年就是個工作存錢年了 ,2020/03/8 02:12:14,主文,0,0,0
M.1583645816.A.EBF,[超幹] 什麼爛武漢肺炎,vivirinka (阿鴨腳),幹破你娘 垃圾中國武漢 害我不能回台灣 害我不能出門 操你媽垃圾中國大陸 幹 ,2020/03/8 13:36:54,主文,2,0,0
M.1583668272.A.58E,[黑特] 衛生紙,garyblue301 (數到五答應我),靠北 剛剛去全聯要捕貨結果白跑 幹 電火球不是宣導每人一顆卡撐嘛 懷疑是廠商嗅到商機故意飢餓行銷 只好在公司大好大滿了= = BTW武漢肺炎趕快找到解藥好嘛 整天新聞有一半時間都是它洗版 幹 ,2020/03/8 19:51:10,主文,1,0,0
M.1583760187.A.F61,[黑特] 武漢肺炎又怎樣？,brella (府城嚴選臭懶趴),幹您老師，為什麼一定要很假掰的講新冠肺炎？ 老子偏愛講武漢肺炎，咬我啊笨蛋幹，支那人 真他媽玻璃心 ,2020/03/9 21:23:05,主文,4,0,0
M.1583842894.A.D6F,[超幹] 去他的武漢肺炎,KillQB (殺死Q貝),隨著那個他媽的該死純天然中國製造的病毒 開始蔓延到足球運動盛行的歐洲 現在幾乎是失控的狀況 就在幾個小時前義甲宣布停賽(自二戰以來) 當然在這之前各國的聯賽也開始了空場來進行比賽等措施 (但空場沒觀眾那整個的比賽氣氛就完全沒了.....足球耶..) 但我想隨著時間的推進 情況只會更糟... 身為一個足球迷 這真的真的是他媽的幹 操他的這個鳥國家怎麼不趕快滅亡消失啊 真的是氣死人了... 然後歐冠還沒踢完 才16強而已 之後還有歐洲國家盃 幹........ ,2020/03/10 20:21:12,主文,0,0,0
M.1583976737.A.58C,哇噻,match123 (火柴),Tom Hanks也確診武漢肺炎== 世界毒瘤真的害死全世界還在裝清高 去死啦幹 ,2020/03/12 09:32:15,主文,1,0,4
M.1583981288.A.071,[黑特] NBA停賽,Flyinmyheart (輕舞飛揚),大家好 就在剛剛，NBA宣布因為爵士隊狗貝確診中國武漢肺炎而取消賽季，在金塊VS獨行俠的比賽結束後，本賽季正式劃下句點，也不知道會不會打剩餘的賽程或是季後賽...MLB現在的動向也不明，不過一定不樂觀，這叫我情何以堪啊 補個乾 我喜歡大姐姐的原因，是因為妳們懂得你們需要的是什麼 跟妳們在一起很輕鬆，我只要讓逗你們開心 看到妳們開心的笑容就可以得到很棒的滿足 你們不會只看男人的外表跟金錢，更會去觀察男人的內心跟溫柔的一面。,2020/03/12 10:48:06,主文,1,0,0
M.1583984759.A.F1E,[黑特] 垃圾武漢肺炎,Wardyal (Wardyal),曹你媽 這可能是LBJ進湖人之後 近年來最有機會拿冠軍的一年 垃圾武漢肺炎 垃圾狗貝 垃圾木笛 垃圾爵士 垃圾中國人 操 還我LBJ一個冠軍 媽的垃圾 ,2020/03/12 11:45:57,主文,2,0,1
M.1583993821.A.CA3,[超幹] 操你媽武漢肺炎,COLONELLIU (勇嵐叫共九逃),幹 操你媽中國 操你媽武漢 操你媽習近平 操你媽中國人 噁心 真他媽噁心 還想甩鍋 幹 全世界就你中國人噁心 反正風頭過了照樣吃野味啊 實驗室外洩照樣開脫啊 活該當韭菜 還當的這麼開心 噁心中國 ,2020/03/12 14:16:59,主文,1,0,0
M.1583994498.A.052,Re: [超幹] 操你媽武漢肺炎,Rrrxddd (有噴 RR),: 幹 : 操你媽中國 : 操你媽武漢 : 操你媽習近平 : 操你媽中國人 : 噁心 : 真他媽噁心 : 還想甩鍋 : 幹 : 全世界就你中國人噁心 : 反正風頭過了照樣吃野味啊 : 實驗室外洩照樣開脫啊 : 活該當韭菜 : 還當的這麼開心 : 噁心中國 林老師嘞 我才是最嘔的 機票改了又改 改了又改 媽的嘞 ,2020/03/12 14:28:16,回文,2,0,1
M.1583997891.A.CDB,Re: [長恨] 你她媽含粉教授,Neotiger (  ),再送給妳一篇 幹 每次看你們沒事就在幫對岸講話 真他媽的好棒棒 黨會祝福妳的 幹 妳他媽去對岸舔中回來 叫妳自己居家隔離妳他媽跑去看櫻花 操 還好最後妳沒中 不然我他媽一定檢舉妳 國家垃圾就是這種人 果然是韓粉不意外 都一樣賤 然後妳老公上台報告硬是要扯這不叫武漢肺炎要叫新冠肺炎 只有像你們這種舔中的才會整天悲憤啦 幹 你自己口罩先戴起來再說 上台報告還不戴口罩 你老婆又是他媽愛亂跑的高危險群 那天還領聖餐 他媽的要是你老婆有中 就全部的人都中了 上新聞妳就是台灣毒后 果然是韓粉不意外 幹 自私跟低能的代名詞 幹 ,2020/03/12 15:24:49,回文,0,0,0
M.1584005255.A.0ED,[黑特] Tom Hanks,silentknight (清純男),Tom Hanks 不知道25歲以下的小朋友知不知道他 2屆Oscar最佳男主角 代表作有西雅圖夜未眠 阿甘正傳 搶救雷恩大兵 綠色奇蹟 等 今天確診武漢肺炎了 幹 中共要害多少人啊..... 不過以他的財力應該可以受到很好的醫療照顧 希望快點康復 今晚你選那一個姿勢?? (\ (\ )) )) rz rz rzst /rz /r27\ r27\ =^ ,2020/03/12 17:27:33,主文,4,0,1
M.1584006175.A.622,[黑特] 長輩與3C,silentknight (清純男),之前看新聞報導 中國武漢肺炎封區 採買購物用支付寶 很多中國年長者只會用付現 不會用支付寶 今天又看到新聞 口罩2.0上線 很多長輩3C不會用 究竟大家認識身邊的長輩 是不是很多不會用3C產品 有認識的60歲阿姨用iPhone 11 pro 但只會用拍照 臉書 講電話 line 跟追劇 連基本的地圖導航 雲端功能.....等都沒用過 今晚你選那一個姿勢?? (\ (\ )) )) rz rz rzst /rz /r27\ r27\ =^ ,2020/03/12 17:42:52,主文,0,0,1
M.1584056488.A.4C1,[黑特] 賤人,AnpingTW (阿P),賤人你真的令人越想越火大 什麼叫我工作很少很輕鬆 幹你娘的愛將專門督導別人 事情都不用作 每天買飲料請你 你喝那麼多飲料不怕洗腎嗎?? 幹幹幹今天是黑色星期五 我他媽的超級不想上班 以前逢這個日子都請假 今天卻要進辦公室看你的雞八嘴臉 要開除我就來呀 看這波股市下來 如果真讓我逮到財富重分配的機會 累積到2千萬就不幹了 離職隔天拿鈔票去摔你的臉 賤人 賤人 賤人 把客人當神 把部屬當垃圾 你怎不得武漢肺炎去死一死 ,2020/03/13 07:41:26,主文,0,0,0
M.1584086722.A.BEC,[黑特] 武漢肺炎害我升級吃到飽,haiduc (小火柴),我以前是可以不用手機網路的 我的電信公司先送我一年100G的網路流量 不要說100G 我連50G都用不到 後來為了通訊 所以要用到LINE和FACEBOOK 可是整個網路用量也絕大部分不會超過4G 遠傳本來跟我簽的合約是6G 但是因為我用得少 所以後來變6.3G 但是自從武漢肺炎來了以後 我為了及時瞭解武漢肺炎疫情 然後就超過6.3G了 最後就被迫辦手機上網吃到飽 不是我愛辦 我也不想辦 超過就會降速 降速不是只有4G降到3G這麼簡單 降速是降到大約只有2G的速度 圖片沒辦法及時顯示就算了 重點是降速手機上網會沒辦法動 光是按個上一頁鍵 按個3~5次都沒辦法動 這樣要怎麼上網 沒辦法只好辦吃到飽 中國的武漢肺炎真是害人不淺 除了一堆人命外 還害我沒事花一堆冤枉錢 手機網路被迫升級到吃到飽 就是一個活生生、血淋淋的例子 ,2020/03/13 16:05:20,主文,1,0,5
M.1584092094.A.E35,[黑特] 台積電,silentknight (清純男),該進場了嗎? 但漲賺多 跌陪多 還是在等一陣子再說 幹 武漢肺炎讓股市一片綠 今晚你選那一個姿勢?? (\ (\ )) )) rz rz rzst /rz /r27\ r27\ =^ ,2020/03/13 17:34:51,主文,2,0,1
M.1584151373.A.F36,[黑特] 賤人真的很矯情,AnpingTW (阿P),什麼叫賤人？ 昨天中午跟我強調說自己請了假要回家休息喔 午休時間結束突然又出現在辦公室 說以為今天是星期四忘了自己是星期五 幹這種白癡的言論也說得出口？ 你到底是多靠北多不瞭解我才會搞這種小動作？ 我是有沒有主管在場都是自律做事的人 你手下那些狗可不是了 超級會裝忙會演戲 別人表現好又負責嫉妒 當然你也是搞這招的 鬥個屁？ 自己空降就要巴結點 想弄走老將就要自己確實撐得住 不是想找我幫你的忙 我不爽鳥你 你就來陰的 搞東搞西這些手段很快都會報應在自己身上的懂不懂？ 祝你早日得武漢肺炎哈 ,2020/03/14 10:02:50,主文,0,0,0
M.1584168722.A.3BE,[超幹] 死武漢肺炎,knight0123 (風塵遊子),幹... 一間喜歡的拉麵店也因為疫情要關了 馬的死武漢肺炎 越想越火大~ ( ) 對啊我之前看有人解釋 covid19 china output virus in december 2019 所以簡稱為 covid19,2020/03/14 14:51:59,主文,0,0,1
M.1584185937.A.6A9,[火大] EMILY要發炎了嗎,lulumielu (roli),管妳陰道炎 尿道炎 腦子發炎 武漢肺炎 肛門發炎 任何各種發炎都詛咒給妳 賤貨 另外，發霉也蠻適合妳喔 MISS HO ,2020/03/14 19:38:55,主文,3,0,0
M.1584189512.A.CF6,Re: [黑特] 英國也是夠狂了,silentknight (清純男),: 英國首相宣布 : 輕症在家休息自主隔離 7 天 : 這招真是走險棋 : 補個幹 其實輕症自主在家隔離 很看一個國家的國民素養 國民素養差的國家 絕對患者會惡意到處傳染給別人 補個幹點 : 武漢肺炎讓股市跌好多 今晚你選那一個姿勢?? (\ (\ )) )) rz rz rzst /rz /r27\ r27\ =^ ,2020/03/14 20:38:29,回文,1,0,0
M.1584199471.A.01D,[黑特] 停賽,garyblue301 (數到五答應我),幹 狗貝沒事手賤摸麥克風 結果搞到自己確診讓NBA停擺了 幹 剝奪邊緣瘦宅假日的小確幸 難得今年勇士解體很多隊伍有機會 結果現在都熄火了啦整個就有變數 劇本都寫好了結果搞這一齣 幫湖人 姆斯 還有老大QQ 幹 武漢肺炎真的很靠北 不要再亂了 ,2020/03/14 23:24:29,主文,0,0,0
M.1584252783.A.EB9,[王八] 事實證明台灣垃圾還真不少,J009 (九號王子),不是在那裡叫藥師下跪的啦， 就是吵架不爽隨機殺人的 還有孕婦被霸凌說關我屁事的 再不然就是台商又在中國靠北靠木的 也好，武漢肺炎來得是時候 快殺光垃圾般的台灣人吧 那些垃圾廢物台男的 不知道能不能活著被自己的屎尿淹死 只會上網仇女沒半撇還不知自省 成天靠北女人不理的 他馬的不是活該嗎？ 滓渣台男 只會想到自己 也不管女生的感受 自以為對女生好 人家不領情又罵人家公主病 罵工具人 不會幫對方著想 他馬的一廂情願覺得喜歡人家對方就得回應 垃圾不如 日韓都自覺要打扮來吸引女性 馬的只有智缺台男覺得錢才能解決女人 什麼德性 全世界最垃圾的，台男僅次於印度而已 不用說天天都有強姦，只是有沒有報出來而已 台男一不爽就殺人 以前是分屍女人 現在是隨機殺同性的 真夠下賤的族群XD Sent from JPTT on my HUAWEI INELX2. ,2020/03/15 14:12:59,主文,0,0,2
M.1584365282.A.A87,Re: [夭壽] 真的假的 結婚就有500萬,aa78216 (寄了回我),: 哇靠 是台幣500萬那不用多說了 : 夠下半輩子了 : 省點用很夠了 : 唉 這應該唬人的 : 耖 乳果尼們真的結婚 主持費我不收 算是我一點小小的意思 有工作請pm我 畢竟自從武漢肺炎爆發 我已經被取消了好幾場 回不了台灣 Lp哥給偶錢 這裡太危險,2020/03/16 21:28:00,回文,2,0,10
M.1584373216.A.EF1,[黑特] 大麻,silentknight (清純男),看到有新聞說某國人因為武漢肺炎的關係搶買大麻 真的覺得大麻是個很神奇的東西 部分國家開放 部分國家不開放 開放的原因是成癮性低 副作用少 不開放的原因是認為始終是毒品 想起很常上社會新聞的薔薔 在youtube有放在合法國家抽大麻的影片 不過台灣是非法的 如果真的想試看看 記得到合法國家去 今晚你選那一個姿勢?? (\ (\ )) )) rz rz rzst /rz /r27\ r27\ =^ ,2020/03/16 23:40:13,主文,1,0,0
M.1584491424.A.2B1,[夭壽] KD,aa78216 (寄了回我),也染上武漢肺炎 還好只是輕症 希望能康復 啊我鞋子484可以準備拿出來賣？ 還有那件勇士異色.... ,2020/03/18 08:30:22,主文,1,0,7
M.1584508628.A.D59,[黑特] 走路滑手機全家武漢肺炎,thegreatlcx (操你的五樓低能兒),操你的垃圾 真的是垃圾 幹你媽的 就一定要邊走邊滑手機 走得又慢又不看路 幹你的 最好走路被車撞 全家武漢肺炎 幹 ,2020/03/18 13:17:06,主文,1,0,6
M.1584544274.A.323,[超幹] 幹你2020,LTSC1980 (FUCK2020),垃圾中共 搞三小武漢肺炎 現在是芥末日 難道中共不用負責嗎 幹你習維尼 為何一堆爛人不死 好人卻要被百般踐踏 真的是該死的2020 ,2020/03/18 23:11:12,主文,0,0,0
M.1584559780.A.527,[煩耶] 武漢肺炎,ppc (萬燈謝盡 流光不回),今年最大的新聞就是武漢肺炎了吧 喊了幾年的黑天鵝 黑天鵝終於出現了 以我們意想不到的形式出場 變這麼嚴重也出乎意料 上個月看狀況不妙 於是就把美股台股一口氣出清 美股現在真的太瘋狂了 BBB的ETD可以一次砍40% 殖利率直接飆到12% 心動到我又買了一些 這幾年聽說不少人買ETD再槓桿投資REITs來維持強大的現金流 用槓桿把幾個穩的產品連起來 崩潰的速度比個股還大 真的也是想不到.. 內心思緒很亂 原本想打一篇幹文來發洩一下 打著打著變成只是抱怨文 來補個幹點 這幾天台灣也開始恐慌了 第二波不怕死還出國玩的人肉炸彈病毒回流了 真的心中只有一百萬個幹 3月還出國玩 真的要浪費多少社會資源去幫這些人擦屁股阿幹.. 身邊許多人早在二月初就把二月的出國行程取消了 真的很難理解三月還出國的人 真的是 幹 你 娘 ,2020/03/19 03:29:37,主文,0,0,0
M.1584705969.A.676,[黑特] 線上麻將跟實體麻將,silentknight (清純男),學弟有時會打麻將 小賭怡情 因為武漢肺炎的關係 他開始玩線上麻將了 但學弟說一整個沒什麼fu 因為小弟不太會玩台麻 線上跟實體麻將 真的快感差那麼多嗎?? 今晚你選那一個姿勢?? (\ (\ )) )) rz rz rzst /rz /r27\ r27\ =^ ,2020/03/20 20:06:07,主文,1,0,4
M.1584792226.A.2D8,[黑特] 武漢肺炎專板唯讀了,lpbrother (LP哥(LP = Love & Peace)),傻眼 真的被鬧到唯讀 真的沒辦法正常討論嗎 昨天搶物資的文章也從八卦傳出去 怎不八卦唯讀 補個幹 ,2020/03/21 20:03:44,主文,4,0,4
M.1584794003.A.225,Re: [黑特] 武漢肺炎專板唯讀了,silentknight (清純男),: 傻眼 : 真的被鬧到唯讀 : 真的沒辦法正常討論嗎 : 昨天搶物資的文章也從八卦傳出去 : 怎不八卦唯讀 : 補個幹 感覺是某版主雙標 導致很多人不爽 首先是把很多專業醫生的文刪掉 只要跟政府宣導的不同就刪掉 EX.不需要戴口罩 > 某醫師建議戴口罩 這就會被刪掉 還有關於前幾天新北市里長出國 和 之前希臘遊學生回來確診的新聞讓網友獵巫 但是關於張上淳兒子出國的新聞 就用權力刪掉 一開始版主解釋說張上淳兒子出國時 該處並未成為疫區 網友反提出希臘遊學生比張上淳兒子早出國早回來 去時希臘也不是疫區 為什麼允許大家對留學生與里長獵巫 卻刪掉所有關於張上淳兒子的討論 某版主解釋不了 就說他判決有誤就裝死了 後來版友問他一些文章判決方式 某版主也解釋不出來 或是解釋讓人覺得雙標 也無法回答 對於之前亂桶人亂刪文怎處理 版主只說覺得抱歉就潛水了 所以武漢肺炎版就整個爆發了 那邊危險的地方是 如果你覺得某些方式不妥 就會被人打成五毛或是韓粉柯糞 所以其實蠻一言堂的 扣除這點 其實還是有很多資訊的 今晚你選那一個姿勢?? (\ (\ )) )) rz rz rzst /rz /r27\ r27\ =^ 其實那種重要版最好由沒有任何政治色彩的人來當 才不會搞成一言堂 憑感覺桶人刪文 版友問依據哪條板規刪文又講不出來 台灣比支那明民主的是允許不同的聲音出現 而非只能容許一種聲音 PTT整體而言 沒有政黨傾向的應該比 小菸柯糞韓粉多吧 所以在一些事情上才能就事論事 版主要做到 我不贊成你的言論 但我贊成你有發表意見的權利 才是適合的,2020/03/21 20:33:20,回文,3,0,3
M.1584811116.A.7CB,[夭壽] 回老家working from home,ppc (萬燈謝盡 流光不回),走過了許多地方 最喜歡的地方還是老家 台中 只是找不到合適的工作 所以這幾年都在外地漂泊 真沒想到回到老家的願望短暫被武漢肺炎實現了 現在公司關閉全世界的辦公室 希望大家都可以working from home 但回老家也不太敢出門 只能關在家裡工作= =...幹 ,2020/03/22 01:18:33,主文,0,0,0
M.1585046372.A.FEC,[超幹] 呼吸急促,aa78216 (寄了回我),自從上禮拜去台南玩回來 上樓都會有呼吸急促 武漢肺炎的類似症狀 度懷疑自己是不是感染了 幹，後來想想可能只是單純太胖了._. ,2020/03/24 18:39:30,主文,1,1,2
M.1585141381.A.2B9,[黑特] 疫情影響最大的行業?,silentknight (清純男),新聞都會報導某某行業因為武漢肺炎影響重大 被點名的有電子業 餐飲服務業 航空業 旅館業 其他行業好像沒有被點名到 那麼大家會為了救經濟 多去台灣玩玩 或是多出去用餐嗎? 幹點是 朋友找吃到飽 說現在優惠很多 但我還在考慮要不要去 今晚你選那一個姿勢?? (\ (\ )) )) rz rz rzst /rz /r27\ r27\ =^ ,2020/03/25 21:02:58,主文,1,0,1
M.1585142504.A.189,Re: [黑特] 疫情影響最大的行業?,lpbrother (LP哥(LP = Love & Peace)),還有電影業 幾大片商的重量級強片 全都延期上映 現在就更沒人想去看電影了 補個幹 : 新聞都會報導某某行業因為武漢肺炎影響重大 : 被點名的有電子業 餐飲服務業 航空業 旅館業 : 其他行業好像沒有被點名到 : 那麼大家會為了救經濟 多去台灣玩玩 或是多出去用餐嗎? : 幹點是 朋友找吃到飽 說現在優惠很多 但我還在考慮要不要去,2020/03/25 21:21:42,回文,0,0,0
M.1585398607.A.AC5,[黑特] 新竹風,angelH0516 (安喬),還真不是蓋的，馬的超冷= = https://i.imgur.com/CWyAYqy.jpg 媽媽的愛心水餃 https://i.imgur.com/dRUlzY7.jpg 想哭QAQ 安喬 廢文 你混哪裡的？我竹市東區的 光復噢？ 城隍廟週圍呀 看吧，城隍廟週圍xDD 靠憋青椒是學店在哪= = 超冷，幹= = 前幾大的欸= = 嗨 89 沒 get 到 我國中時的數理家教就 113 的欸 一小時 1000 好可愛 梅竹賽膩 老師當時讀博士班wwww 因為武漢肺炎嗎 QQ xDDD 我戶籍在東區光復路齁 有啦至少我有及格，哈哈哈哈哈哈 一個月八堂課要噴 9000 QQ 吃完惹 戀愛學分有可以學嗎？xD 所以讀文組沒屁用 我大學去當家教一小時也才 350 QQ 好嗎 老師好善心xDD 真的喝熱湯中 市區（？ 幹笑死 還行倒很多次就是了（ 我大概是 40 到及格wwww （擊掌 這篇到底釣出多少新竹人wwww 身份證 O 開頭的都粗來 湯好喝 ^ 3^ 假新竹人滾 歸籍啊 原來是盟友，尼好尼好 欸還真的是耶哈哈哈哈哈哈哈 歐兔要選版主的話我去參一咖好惹 你全身都壞光光啦你 這是重新整修的動物園？,2020/03/28 20:30:05,主文,17,4,30
M.1585441822.A.C07,Re: [黑特] 下雨天只能開車了,silentknight (清純男),: 雖然高雄雨停了 : 但是要出門還是開車比較保險 : 幹 放假要去哪裡走走? : 還是衝去墾丁一日遊 一日來回好累 墾丁人蠻多的 感覺不到旅遊蕭條啊 不知道是不是因為武漢肺炎的關係 旅客改在國內玩 幹點是 應該過夜的 今晚你選那一個姿勢?? (\ (\ )) )) rz rz rzst /rz /r27\ r27\ =^ ,2020/03/29 08:30:19,回文,0,0,1
M.1585545090.A.C24,[黑特] 幹,CIA (中央情報局),幹他媽的爛股票 幹死你這隻爛股票 幹他媽的還連賠錢賠X個月 下半年會狂賠錢 馬的幹機掰幹 月份 主力產品/重要事紀 2019年05月02日2019年第1季全球粗鋼產量年增4.5%，台灣首季粗鋼量年增9.1%， 增加幅度為全球平均值的二倍，供給過剩壓力，造成鋼價疲軟不振 2019年07月14日利多風險並存 台塑越南鋼鐵廠擴建陷兩難 2019年08月01日中鋼月餅綠豆椪山藥酥 PTT鄉民激推代購困難 https://reurl.cc/20rGpr https://reurl.cc/yZENxM https://reurl.cc/kdZ6Nn https://reurl.cc/O10N7X 中鋼月餅外表和味道都非常的樸實，雖然比不上許多知名大廠， 但因為用料實在、價格不貴，因此還是有許多人的推薦和搶購。 2019年綠豆椪10顆裝禮盒為NT388 2019年蛋黃酥10顆裝禮盒為NT328 2019年09月08日中鋼為何賣月餅？他咬一口懵了中鋼綠豆椪裡的蛋黃和肉鬆，搭 配得的天衣無縫，簡直是人間美味阿，想再吃一顆 2019年10月06日中鋼輸送帶竄火冒黑煙，大林蒲居民驚恐，被依空汙法罰10萬元 環保局依空汙法開罰新台幣10萬元 2019年10月08日 中鋼轉投資寶固實業董事長邱名璋，民進黨立委邱議瑩另一位弟弟 2019年10月22日下大雨就流牛奶水中鋼 2013 年起，分階段在高雄旗山區農地 塞入99萬公噸的轉爐石，地表水一度超過PH12，引爆高屏飲水危機 2019年10月26日中鋼集團128對新人婚禮 翁朝棟：幸福企業不是自己講 2019年10月31日怕被吃垮 中鋼福委會踢除：中鋼保全、機械、運通、中冠資訊 2019年12月11日中鋼去年下半年粒狀污染物排放第一名，製造的空污導致高屏300 多萬人口都受影響，高市府允訂空污加嚴標準促中鋼改善 2019年12月12日中鋼遭高雄市政府環保局，自民國104年到108年9月間，共8次對中 鋼公司違規裁罰，罰款共新台幣91萬元，含固定污染源、事業廢棄 物等違規處分。 去年第3、4季申報加總排放量中，中鋼是唯一破百萬公斤的粒狀污 染物污染大戶，拿下全國污染企業第一名。 2019年12月16日中鋼投入400億元改善、原料儲存場室內化、第1、第2階煉焦爐 2019年12月25日中鋼回填旗山大林7公頃農地爐渣未清，2年前法院裁定清除仍未清 2020年03月05日中鋼160萬噸/年轉爐石賣給水泥廠製成水泥，蓋成轉爐石屋 2020年03月17日中鋼大馬廠3.18~3.31停工14天，估約2萬噸訂單遞延，損失3.7億 2020年03月25日中龍廢棄物氣冷高爐石、水淬高爐石、脫硫渣、轉爐渣石嚴重超標 ，中市環保局敗訴。賴怡均醫師：廢棄物嚴重傷害小朋友身心健康 2020年03月26日中鋼在高雄旗山大林農地掩埋百萬噸轉爐石，另有疑似百萬噸廢棄 物同在地底汙染地下水，旗山居民組自救會抗議，2017年高雄高等 行政法院判定廢爐渣是廢棄物應清除，藍綠議員要求究責 2020年03月26日高雄旗山農地遭埋中鋼轉爐石 居民：不明粉末及廢棄物一併清除 2020年03月26日東南亞疫起淪陷 中鋼印度、大馬廠暫停生產3星期 2020年03月26日DDP新潮流菊系在中鋼董座安排與蘇系有共識。陳菊擔任高雄市長 近12年，菊系更與中鋼建立深厚情誼， 中鋼人事要過經濟部同意 信心喊話月份 信心喊話內容 2019年07月01日中鋼定調鋼價將在第3季落底，第4季鋼鐵旺季回溫 2019年08月17日中鋼業務副總黃建智：第4季盤價，漲盤的呼聲高 2019年08月20日中鋼董事長翁朝棟首次對鋼價堅定表態：第4季平高盤不可逆 2019年09月17日中鋼副總黃建智：亞洲鋼價跌無可跌，第4季旺季醞釀反彈契機 2019年10月14日中鋼示警：看不到反彈信號。下游客戶觀望，中鋼想多賣鋼材也難 2019年10月14日翁朝棟：全球鋼價明顯往正向發展，有望提振市場交易信心 2019年10月14日翁朝棟：估2020全球鋼材需求可增1.7% 2019年10月29日翁朝棟：鋼市明年Q2可望否極泰來 2019年10月30日中鋼主管：鋼價不可能長期低迷，鋼市醞釀新一波榮景 2019年11月04日翁朝棟：明年第一季鋼價止跌回升，隨後將伴隨一波漲勢至第2季 2019年11月07日中鋼總經理王錫欽：鋼市有觸底反彈跡象，估計明年Q1明顯反彈 2019年11月12日中鋼執行副總黃建智：第4季將會落底，明年上半年鋼市正面發展 2019年11月12日中鋼12日法說會：市場反轉，預期明年上半年營運先蹲後跳 2019年11月18日中鋼執行副總黃建智：明年原料價格下跌，情勢將對鋼廠更有利 2019年11月22日中鋼董事長翁朝棟：鋼價落底後，明年3月反彈 2019年12月06日中鋼董事長翁朝棟：2020年1月鋼價一定會落底，3月會好轉 2019年12月15日翁朝棟：明年Q1盤價逐步回升，看好3月起鋼價可望大幅反彈 2020年01月16日中鋼董座翁朝棟：如果冬天來了，春天還會遠嗎？By英國詩人雪萊 If Winter comes can Spring be farbehind?西風頌 2020年01月17日翁朝棟：對鋼鐵市場審慎樂觀，預期今年鋼價及景氣可望逐步回升 2020年01月30日武漢肺炎影響陸鋼廠供給 中鋼董翁朝棟樂觀：鋼市春燕成群飛來 2020年02月13日中鋼副總黃建智：疫情影響到第1季，仍看好4月後鋼市往正面發展 2020年02月22日中鋼董事長翁朝棟表示鋼價將反彈，56月會有一波補漲行情 2020年03月13日疫情逐漸趨緩，中鋼董座翁朝棟：接下來就要比彎道上的超車能力 2020年03月19日中鋼董事長翁朝棟：紓困應納入大型企業 2020年03月22日中鋼董事長翁朝棟：鋼市Q3將V型反彈，隧道盡頭就是亮光 虧損月份 2019年11月虧損逾 2.93億元 2019年12月虧損擴大淨損10.22億元，比11月之虧損2.93億元加劇248% 2020年 1月虧損擴大淨損12.63億元，EPS0.08，連三月虧損 2020年 2月虧損收斂淨損 7.94億元。今年前2月稅虧損0.13元/股，合計20.57億元 開盤日期 開盤價格 2019年09月16日台塑河靜大降11月熱軋價51美元/噸，中鋼預期已到谷底 7月產銷獎金已經打九折、8月打八折，第4季產銷獎金再雪上加霜 2019年09月27日中鋼10月盤價熱軋底材跌500元/噸，薄損多銷 力抗進口貨 2019年11月22日明年第1季盤價，七大類鋼品全面下修，平均降幅3.03%，為近11季 最大跌勢，大宗底材熱軋大跌近1200元/噸 2019年12月04日鋼市低迷，中鋼員工產銷打4折，預期1112月的獎金可能更低 2019年12月05日中鋼大幅調降明年第1季盤價1000元/噸，優惠金額累計達3億元 2019年12月21日越鋼明年1月熱軋內銷價格大降5060美元/噸，外銷馬來西亞、 菲律賓、印度及印尼等地價格，則下降40美元/噸 2020年03月14日台塑越鋼5月熱軋盤價，跌7.76%達40美元/噸，線材調降7美元/噸 2020年03月20日中鋼5月內銷開低盤，熱軋全面回跌300元/噸 淨利時間 稅前淨利 2019年08月16日中鋼第二季稅後淨利35.72億元、年減45.54% 上半年稅後淨利71.80億，年減35.7% 2019年08月29日中鋼7月合併稅前盈餘11億元、月減25%、年減65.39% 2019年09月11日8月營收比去年同期衰退8.24%，前8月營收比去年同期衰退3.67% 2019年09月19日中鋼8月稅前盈餘，年減66.9%，累計前8月合併稅前盈餘年減37% 2019年10月27日9月合併營收年減14.75%，稅前盈餘較去年同期衰退幅度超過七成 前9月稅前淨利為年減42% 2019年11月11日中鋼10月營收年減24.0%，月減4.3% 2019年11月16日中鋼第三季財報，前三季EPS僅0.6元，較去年同期1.19元近乎腰斬 Q3營收季減4.41%，年減11.72%，稅後淨利年減70.2%，EPS 0.14元 綜觀今年前三季，中鋼獲利跳水近五成，衰退幅度遠高於營收的 7.03%；毛利率也從去年同期的12.26%下滑至8.83% 2019年11月28日中鋼10月稅前盈餘年減86%，稅前EPS 0.03元 前10月稅前盈餘腰斬，年減48%，稅前EPS 0.9元 2019年12月19日中鋼11月轉虧近4年首見，前11月每股稅前EPS 0.87元 中鋼11月營收月減0.1%、年減19.9% 累計前11月營收年減8%、營業利益年減56.4% 營益率4.08%，年減4.5個百分點、稅前盈餘年減 53.8% 2020年03月11日中鋼2月合併營收年減4.23，累計前2月合併營收年減20.74 2020年03月23日連四月虧損，霸氣加發特別股現金1.4元，普通股現金0.5元 ,2020/03/30 13:11:28,主文,1,0,1
M.1585564275.A.6D6,剛剛夢到,cryy (台北裴柱現),走到哪然後餘光都會瞄到鬼，有人就跟我說我死了 然後我還夢到我同事得武漢肺炎== 三小 ,2020/03/30 18:31:12,主文,3,2,12
M.1585597803.A.2F8,[黑特] 幹 同事睡著了,dodo52woman (嘟嘟左右衛門),在醫院上班 但不是醫護人員 至從 武漢肺炎 來了 一些小病 小痛 就來掛急診的 變少了 同事居然閒到睡著 你不醒來 這樣我要怎麼睡 幹 我不想要幾千塊的津貼 拜託給我連休吧 反正這陣子 沒什麼事情 一個人就夠啦 ,2020/03/31 03:50:01,主文,1,0,1
M.1585645534.A.617,[長恨] 因為主管怕死所以我配合,smallmove (小動 ),因為感冒一直沒好 這個月請了病假 又加上武漢肺炎問題 我是旅館業 所以主管很怕死 一直叫我去檢疫 於是我19號再去診所告知醫生 於是轉診 去做檢疫 然後就簽了自主健康管理書 被公司請假14天關在家 等通知 一直到今天也沒打來 我只好自己打去問結果 好不容易才問到是陰性 因為我一直沒接到通知 受不了到今天才又打去問 也問了其他居家 14天公司沒支薪有法補償的問題 結果 沒有居家檢疫書 就無法申請 我只有自主管理通知書 一樣要待在家14天 主管也直接給我請14天 所以14天沒錢 也無法補助 我只想罵髒話 我沒出國 被主管要求檢疫 所以無法上班 也沒薪水 我不知道 我這樣到底為了什麼 關在家14天 自己住 無法出門 沒薪水 只想罵髒話 幹 下個月死定了 Sent from JPTT on my Samsung SMA530F. ,2020/03/31 17:05:30,主文,3,0,15
M.1585696933.A.056,[黑特] 馬的愚人節還要上班,LTSC1980 (FUCK2020),馬的愚人節還要上班 馬的中國搞個武漢肺炎 根本不想想過愚人節什麼的 ,2020/04/1 07:22:11,主文,0,0,1
M.1585744757.A.6A1,自打嘴巴！,ketrktt (爸爸我會想你的~),前陣子武漢肺炎在大陸燒的時候，我寫了篇口罩之亂讓我看到台灣人的自私 結果基本上是被噓爆了 在那時候只要是認為口罩應該出口的人都被冠上舔共的標籤 這些噓我的人基本上都說什麼要先保護自己、政府先替人民著想錯了嗎？之類的話 我那時候就覺得這些話根本在自欺欺人，但我想沒人聽得進去 轉眼間整個疫情擴散到全球 政府捐了不知多少口罩給巴拉圭被嫌少 然後好像還捐了一百萬個口罩要給美國 聽說現在好像要捐一千萬個支助全世界疫情嚴重的地方是吧？ 可笑啊當初不是義正言辭的說什麼要先顧好自己？ 這種話擺明了就是政治意識操作而已， 如果今天是日本肺炎、德國痲疹我們還會這樣做嗎？ 重點是這種話居然還有人會信 台灣人有沒有覺得你們的臉頰熱熱的？ 我覺得捐不捐口罩其實都不是重點，人民不夠用的話當然是國內人民優先，有多的能幫助別人當然更好 最讓我看不過去的是現在的政府什麼事情都要政治操弄(然後還要用冠冕堂皇的話語來掩飾)，我真的覺得很不齒 我只希望台灣人頭腦要清醒一點，每天看那麼多新聞要多一些自己判斷的能力，不要媒體播什麼你就信什麼 : 覺得想來抒發一下自己的感覺 : 最近武漢肺炎的關係，口罩供不應求，政府也明令禁止出口口罩一個月。 : 當然政府的政策一定有他自己的考量，但真正讓我覺得生氣的是，台灣人什麼事情都要泛政治化 : 昨天無意間看了網上一些藝人批評政府的政策，結果底下一堆網民給他們貼上舔共的標籤。 : 所以如果今天我支持口罩持續出口，我就是屬於舔共的人嗎？ : 我也覺得中共長期對我們的政治打壓很可惡，也覺得中共之前限制香港人蒙面現在淪落到全國人民都要戴口罩根本就是現世報 : 但那些得到肺炎的人可都是平民老百姓而不是那些政客啊 : 可恨的是那些政客，但受害的都是人民啊 : 兩種事情我覺得不能混為一談 : 不管政府要不要出口口罩，我覺得都無所謂。但我受不了的是台灣人無法有接納不同意見的雅量。 : 如果今天我跟你的意見不同，我就要被批評成是錯的？ : 在社會上生存久了，多少都會有一些和自己不對盤的人。如果你今天看到一個人在大馬路上被車撞了，倒在路邊爬不起來，但那個人和你有過過節，請問，你要不要幫他？ : 以我自己的觀感，我不求我自己有多少大愛幫他叫救護車送他去醫院，但至少把他拖到路邊不要再被下一輛車碾過吧 : 我覺得這是一個身為人的基本人道 : 至於那些認為禁止口罩出口是為了防疫的人，我個人覺得他們都是在自欺欺人而已。 : 我就這樣問吧：如果今天是爆發東京肺炎，請問你們認為政府禁止口罩出口的政策還是對的嗎？ : 摸著自己的良心，回答這個問題。 : ___________________________________________ : 當然囉哩八嗦了一堆，還是想強調這只是我的個人想法，如果你認同就推，不認同就噓，我都可以接受，只是想知道有多少人跟我的想法一樣而已,2020/04/1 20:39:14,主文,6,0,4
M.1585747796.A.47B,Re: 自打嘴巴！,ketrktt (爸爸我會想你的~),by the way ... 如果現在口罩真的夠用的話，那政府為何不把什麼口罩實名制2.03.0取消掉？ 不敢取消只有兩種可能： 1.口罩供應還不是很穩定，需要國家控管 2.政府不相信台灣人民，怕完全開放後會造成瘋狂搶購囤貨 而且，如果口罩真的夠用的話，那就恢復一般正常出口就好啦，為何還要大動作的宣佈說要捐口罩？ 不要以為政府捐這一千萬口罩是在做善事，這些都是政治操弄啊 台灣人醒一醒 : 前陣子武漢肺炎在大陸燒的時候，我寫了篇口罩之亂讓我看到台灣人的自私 : 結果基本上是被噓爆了 : 在那時候只要是認為口罩應該出口的人都被冠上舔共的標籤 : 這些噓我的人基本上都說什麼要先保護自己、政府先替人民著想錯了嗎？之類的 : 話 : 我那時候就覺得這些話根本在自欺欺人，但我想沒人聽得進去 : 轉眼間整個疫情擴散到全球 : 政府捐了不知多少口罩給巴拉圭被嫌少 : 然後好像還捐了一百萬個口罩要給美國 : 聽說現在好像要捐一千萬個支助全世界疫情嚴重的地方是吧？ : 可笑啊當初不是義正言辭的說什麼要先顧好自己？ : 這種話擺明了就是政治意識操作而已， : 如果今天是日本肺炎、德國痲疹我們還會這樣做嗎？ : 重點是這種話居然還有人會信 : 台灣人有沒有覺得你們的臉頰熱熱的？ : 我覺得捐不捐口罩其實都不是重點，人民不夠用的話當然是國內人民優先，有多的能幫助 : 別人當然更好 : 最讓我看不過去的是現在的政府什麼事情都要政治操弄(然後還要用冠冕堂皇的話語來掩 : 飾)，我真的覺得很不齒 : 我只希望台灣人頭腦要清醒一點，每天看那麼多新聞要多一些自己判斷的能力，不要媒體 : 播什麼你就信什麼 : 引述《ketrktt (爸爸我會想你的~)》之銘言： : : 覺得想來抒發一下自己的感覺 : : 最近武漢肺炎的關係，口罩供不應求，政府也明令禁止出口口罩一個月。 : : 當然政府的政策一定有他自己的考量，但真正讓我覺得生氣的是，台灣人什麼事情都要 : 泛政治化 : : 昨天無意間看了網上一些藝人批評政府的政策，結果底下一堆網民給他們貼上舔共的 : 標籤。 : : 所以如果今天我支持口罩持續出口，我就是屬於舔共的人嗎？ : : 我也覺得中共長期對我們的政治打壓很可惡，也覺得中共之前限制香港人蒙面現在淪落 : 到全國人民都要戴口罩根本就是現世報 : : 但那些得到肺炎的人可都是平民老百姓而不是那些政客啊 : : 可恨的是那些政客，但受害的都是人民啊 : : 兩種事情我覺得不能混為一談 : : 不管政府要不要出口口罩，我覺得都無所謂。但我受不了的是台灣人無法有接納不同意 : 見的雅量。 : : 如果今天我跟你的意見不同，我就要被批評成是錯的？ : : 在社會上生存久了，多少都會有一些和自己不對盤的人。如果你今天看到一個人在大馬 : 路上被車撞了，倒在路邊爬不起來，但那個人和你有過過節，請問，你要不要幫他？ : : 以我自己的觀感，我不求我自己有多少大愛幫他叫救護車送他去醫院，但至少把他拖到 : 路邊不要再被下一輛車碾過吧 : : 我覺得這是一個身為人的基本人道 : : 至於那些認為禁止口罩出口是為了防疫的人，我個人覺得他們都是在自欺欺人而已。 : : 我就這樣問吧：如果今天是爆發東京肺炎，請問你們認為政府禁止口罩出口的政策還是 : 對的嗎？ : : 摸著自己的良心，回答這個問題。 : : ___________________________________________ : : 當然囉哩八嗦了一堆，還是想強調這只是我的個人想法，如果你認同就推，不認同就 : 噓，我都可以接受，只是想知道有多少人跟我的想法一樣而已 PTT opia,2020/04/1 21:29:53,回文,1,0,1
M.1585797624.A.FCE,等等要上班,cryy (台北裴柱現),但今天放假而且大學又因為武漢肺炎停課應該很少人敢來 感覺就會閒到發慌 o_o 不知道今天有沒有兩倍薪捏 幹幹 ,2020/04/2 11:20:20,主文,6,0,7
M.1585831762.A.AA1,[黑特] 被試密碼,silentknight (清純男),在八卦版看到有人發文說被試密碼 跟我遇到的一模一樣 都是不知名IP試了3次密碼 後來看推文與回文發現很多網友都一樣 IP來源幾乎都是外國的 幹~是不是用跳板的武漢肺炎 今晚你選那一個姿勢?? (\ (\ )) )) rz rz rzst /rz /r27\ r27\ =^ ,2020/04/2 20:49:20,主文,0,1,4
M.1585989967.A.E24,[黑特] 武漢肺炎 新冠肺炎 不同叫法彼此尊重,silentknight (清純男),叫新冠肺炎的被叫武漢肺炎的罵 叫武漢肺炎的被叫新冠肺炎的罵 台灣是不是越來越不民主啦 想叫武漢肺炎就叫武漢肺炎 想叫新冠肺炎就叫新冠肺炎 為什麼要糾正對方的說法 是不允許對方有不同的叫法嗎? 今晚你選那一個姿勢?? (\ (\ )) )) rz rz rzst /rz /r27\ r27\ =^ 好的叫法 好的叫法 好的叫法 其實大家怎麼叫都好 不要一直糾正別人的叫法 維尼肺炎 支那肺炎 中國肺炎 武漢肺炎 新冠肺炎 彼此尊重 其實在想 強冠別人叫法的人 是不是中國人裝台灣人 好 也可以叫中共病毒歐 大家不管別人怎麼叫都要尊重歐 畢竟台灣不是共產國家 只允許一種叫法 也可以叫武漢P4實驗室病毒,2020/04/4 16:46:05,主文,5,0,3
M.1586062582.A.91C,-.-,cryy (台北裴柱現),喉嚨怪怪一直有痰 該不會是武漢肺炎了吧 還是只是單純感冒啊 好可怕. 到底還有沒有人得單純的感冒啊 現在只要有症狀都覺得是武漢肺炎 怕爆 ,2020/04/5 12:55:57,主文,7,3,29
M.1586062582.A.91C,-.-,f*hg,好吧！哭歪，你只要推文說「對不起 f*hg」我,2020/04/10 10:43:00,噓,7,3,29
M.1586062582.A.91C,-.-,f*hg,就原諒你,2020/04/10 10:43:00,→,7,3,29
M.1586062582.A.91C,-.-,f*hg,好啦 聽說你要考試了 我就不造成你分心了,2020/04/10 11:05:00,→,7,3,29
M.1586062582.A.91C,-.-,f*hg,本人撤告了 掰掰 不要擔心了  至於我應該是,2020/04/10 11:05:00,→,7,3,29
M.1586062582.A.91C,-.-,f*hg,老蛀蟲沒錯,2020/04/10 11:05:00,→,7,3,29
M.1586067002.A.CC0,[黑特]  四天,zxc56021 (你在看我嗎OuO?),平行時空的我們應該在沖繩玩很爽 今天準備依依不捨的回來QuQ 去你媽的武漢肺炎喇 真的很幹 陽光沙灘免稅店呢QQQQQQQQQ 連假從計畫爽玩變成房間大改造 買了床架衣櫥跟桌子 累死人 組到很生氣還要整理衣服跟雜物 花了2天半 幹 剩下的這兩天不知道要衝啥小 哪裡都不能去 不想一直看動漫看劇好膩喔 而且超空虛QnQ 好想玩遊戲 要買森友會主機買不到 我看之後到貨了 人家已經爽玩一個進度惹 剩下我這個邊緣人還在他媽還債 慢慢從0開始 嗚嗚嗚嗚嗚嗚嗚嗚嗚嗚嗚 好想玩森友會哦哦哦哦哦哦QQ 借我玩好嗎OuQ? 幹幹捏OuQ ,2020/04/5 14:10:00,主文,6,0,12
M.1586085493.A.170,[黑特] 現在進也不行退也不是 幹,king412365 (花落舞紛飛),最近因為這個武漢肺炎 人心惶惶 連帶我們這個行業影響甚大 有些人已經開始放無薪假了 還有少數人是被資遣的 現在我們正常上班的全都是領半薪 在聽到有些許資深同事說 可能撐不過這波 也不知道下一次薪水在哪裡 我聽到都..... 想離職不知道這些錢 是不是還拿得到 再出去找工作 現在這種慘況 又怕空窗期過長 每天都煩惱下一步是??? 幹 現在又因為公司沒人 上班又要改時間 媽媽樂的 肏 到底怎麼辦拉 ,2020/04/5 19:18:10,主文,4,0,0
M.1586087179.A.C35,[黑特] 張上純 : 肥胖是武漢肺炎重症危險因子,silentknight (清純男),今天的下午新聞 於是我把手邊吃到一半的洋芋片默默的放到冰箱 幹 大家一起從胖胖胖胖男變成正常體重吧 共勉之 決定了 麥當勞報報的大薯買一送一 只要吃一份 另一份給同事吃 目標7天內瘦1公斤 沒瘦的話 黑特版每人發500P 幹~~ 今晚你選那一個姿勢?? (\ (\ )) )) rz rz rzst /rz /r27\ r27\ =^ ,2020/04/5 19:46:17,主文,6,0,2
M.1586190012.A.845,[夭壽] 這輩子我都不敢出國了,AnpingTW (阿P),今年的清明連假 去年就計畫好要出國賞櫻 結果搞個武漢肺炎 退團時本覺得應該會被扣些手續費 最後一毛不差全還給我 可是這不是重點哇 原來出國後不保證一定能順利回國 他媽的原來行程順利需要福報 我福報一直都很好才會順利 以後我不敢出國了 不然如被關在外國怎麼辦? 悶死了 我的無限卡是為了國外旅遊而辦 每年消費至少要滿40萬 今年沒旅遊刷不滿要年費1萬 連結保險又不能剪卡 幹你娘距離保險期滿還3年 我現在就想剪卡了 當年到底哪根筋不對勁才辦這張 國內回饋0.5%真是笑掉別人大牙 我就是有夠白痴被理專騙去 好想出去旅遊 假日宅在家都快宅出病來 但我又怕死 幹幹幹到底去哪玩才安全? ,2020/04/7 00:20:10,主文,1,0,0
M.1586195243.A.7B2,[黑特] 煩人,pufflight (puff),煩人的武漢肺炎 煩一群不戴口罩擠在一起的渾蛋台灣人 煩你們一群出去找死 我們一家窩在家四天不出門 現在還要因為你們一群渾蛋不敢讓小孩去上課 詛咒你們一群不怕死擠在一起還要人家不准歧視你們的渾蛋出遊人 我就是罵你們這種不戴口罩擠在一起 也不保持安全距離 搞得大家人心惶惶的渾蛋拉 出遊人我不是全都罵啦 看起來都沒人的地方我不罵啦 自己家附近我不罵啦 買菜那些我不罵啦 我詛咒你們一群拿買菜全聯711跟擠在一起出遊比的渾蛋啦 最好是你們不出遊的話也不會去買菜買食物啦 就是增加風險值這麼難懂是啦 買菜逛全聯中標還知道要封那個城市啦 四天跨縣市出遊中標你要封那幾個城啦 硬要增加自己的風險值還自以為大家差不多啦 渾蛋垃圾王八蛋 要死窩在家裡還是去釣魚台基隆嶼禮樂煉銅廠死一死不要嘴賤口水賤的出來害人啦 還有那些死不帶口罩的白痴啦 跑給捷運警察追的智缺啦 法律是最低的道德標準懂不懂啦 不懂身份證撕掉回去十三行文化撿貝殼啦 煩人 ,2020/04/7 01:47:21,主文,0,0,0
M.1586251737.A.874,還是不餓,cryy (台北裴柱現),還是沒胃口 剛運動完更沒胃口 該不會是得武漢肺炎了吧 好可怕 吃貨竟然會沒胃口 ,2020/04/7 17:28:33,主文,7,1,12
M.1586265652.A.932,[超幹] Switch本周要暫停出貨了,crazyblack22 (馬刺黑兒),幹幹幹... 去你媽的武漢肺炎... 日本宣布進入緊急狀態，導致Switch本周暫停出貨 馬的 還好我之前有搶到 但遊戲還沒買齊阿 ,2020/04/7 21:20:50,主文,0,0,5
M.1586303365.A.941,[超幹] ,MiLUu (糞蛆),以前身體差就跑去重訓運動曬太陽 幹你妹現在完全不行 操你的中國武漢肺炎 我好想排掉那些氣QwQ 不舒服QwQ幹你 ,2020/04/8 07:49:23,主文,8,0,9
M.1586399971.A.13E,[黑特] 難看,Wolfgang9527 (Madao),黃安指出，武漢解封代表什麼？代表疫情發現最早、最嚴重、甚至被美國大統領拿來抹 黑的武漢解放了武漢解放了，全國就解放了零星的當作是解放後的鋤奸吧，此情 此景怎不令人熱淚盈眶？ 黃安表示，更令人熱淚盈眶的是，過去外國人都認為新冠肺炎是黃種人才會得的病，如今 歐美疫情失控，此刻，中國清涼灌頂，胡人水深火熱他坦言，這樣說難免會被人質疑 幸災樂禍，但他覺得武漢解封如此開心的時刻，就連詩人杜甫都會開心。 最後黃安還直呼：同胞們，咱準備開工啦並大酸灣灣介紹可以用電鍋 蒸口罩，蒸好了可以繼續用，沒事兒。 幹... 難看 什麼意思 2020年1月15日，大陸新型冠狀病毒肺炎肆虐，黃安回台過農曆新年，在微博上寫上小 島上人心已變，又表示從今往後啥也不說，在我心中只有祖國，引起網民討論與反 滲透法的關係。 2020年1月底，黃安出國到杜拜旅遊，不忘批評：奸生於國。 2020年2月7日，黃安仍未回大陸，在臺灣買口罩並評論買不到是自己命不好， 遭質疑怎麼不回去，17日改口沒排隊買口罩。在之前黃安曾稱是春運回家過年，結 果就回不去了，明白嗎？，但截至3月，台灣與中國大陸間未斷航。 懂了吧 嘴巴講的跟實際行為根本相反 同胞們，咱準備開工啦 幹 什麼意思 就是 老子又來賺你們這些SB的RMB了啦 嘴巴講著一套 身體倒是很誠實嘛 一出事馬上落跑 一沒事 馬上熱淚盈眶 感動萬分 接著 就來咱準備開工啦~~~~~~~~~~~ 幹 我就想到 誰 張安樂啊 是不是 總統大選前 每天的報紙頭版的一邊都在PO那個廣告 張安樂說 他願意為了中華民族而死 試問 蔡英文 敢不敢跟他一樣之類的 結果呢 剛好 冠狀病毒來了 全部都惦惦了 那個方倉醫院不是缺人手嗎? 尤其是負責打掃的人員 你兒子不是剛好開旅行社嗎? 統促黨包團去救人啊 不是剛剛好 之前一直宣傳自己願意為了中華民族而死嗎? 中華民族正陷於水深火熱之中啊 對不對 結果呢 全部惦惦 幹 真的... 今天換成他們能在美國賺到美金的話 一個 看到美國狀況好轉 馬上就會 公開宣布 他好感動 他熱淚盈眶啦 另一個呢 願意為了美利堅合眾國而死啦 ,2020/04/9 10:39:29,主文,2,0,0
M.1586403206.A.6BA,[黑特] 梅花座,Timekeeper (fine),現在學校圖書館幾乎都梅花座了 原本只有總圖2~4樓 現在總圖B1和商圖也是了@@ 甚至綜圖直接閉館 唉唉 要在學校找到可以讀書的地方越來越難了 下下禮拜期中考周 估計圖書館會一位難求吧 以前就很難搶到座位了 更何況是梅花座之後 QQ 該死的武漢肺炎 ,2020/04/9 11:33:24,主文,3,0,6
M.1586416465.A.CBC,[夭壽] 台師大,Timekeeper (fine),兩例了欸...太可怕了 3/31的時候台師大出現第一例的時候就覺得很抖 尤其他還住在宿舍，不知道接觸了多少舍胞 果然他的室友也遭殃了QQ 可惡的武漢肺炎，可惡的CHO 希望政大可以守住QQ 但我看政大的行政效率我還是不要太期待好了 https://news.ltn.com.tw/news/life/breakingnews/3128094,2020/04/9 15:14:23,主文,1,0,0
M.1586418428.A.93E,[長恨] 運動會,Timekeeper (fine),結果因為說什麼要防疫武漢肺炎 就取消今年的校慶運動會了ORZ 原本可以放假兩天 要變成正常上課了== 唉唉 好好的兩天假期就這樣子沒了 去你的武漢肺炎和中共 還我運動會和兩天連假喔 更可惡的是 聽說其他學校也都取消運動會了 這樣我就不能嘴政大的行政措施了 == ,2020/04/9 15:47:06,主文,0,0,1
M.1586438473.A.A48,[夭壽] 萊爾富,Timekeeper (fine),我們校內商院裡的萊爾富啦 原本他們在店外面有提供一些桌椅 大概可以坐快20個人吧 今天經過發現怎麼所有桌椅都收起來了 果然 問店員他跟我說是為了防疫 要避免群聚感染== 唉唉 該死的武漢肺炎 原本可以買杯飲料坐著滑手機用筆電上網打發時間的好地方也沒了 可憐哪 ,2020/04/9 21:21:11,主文,0,0,0
M.1586476916.A.95A,[黑特] 飲料杯封膜,FlynnZhang (●—●),https://i.imgur.com/UCjhoci.jpg 支那武漢肺炎表示： 黑特點就是一直過敏好煩 ,2020/04/10 08:01:54,主文,2,0,1
M.1586488500.A.56D,[火大] 眼鏡,Timekeeper (fine),靠北啊 戴著口罩再戴眼鏡 眼鏡整個霧成一團 還是是我口罩太爛 不管我怎麼壓鼻樑還是有空隙 吐氣就是會一直往上竄 嘖嘖 不爽 去你的武漢肺炎 ,2020/04/10 11:14:58,主文,0,0,2
M.1586693543.A.B7D,[黑特] 誇張的沒品歐巴桑,silentknight (清純男),雖然我知道武漢肺炎人心慌慌 但是搭個電梯 用鑰匙按樓層 然後電梯按鍵上面一堆刮痕 很誇張耶 這樣算破壞公物嗎?? 今晚你選那一個姿勢?? (\ (\ )) )) rz rz rzst /rz /r27\ r27\ =^ ,2020/04/12 20:12:21,主文,1,0,3
M.1586764460.A.93D,[黑特] ,CFfisher (浮雲似清風),難得跟感情和家人無關的靠北文（？ 我祝妳齁 得武漢肺炎 就算好了肺也爛掉 遇到爛的另一伴被甩被劈腿 結婚被戴綠帽 生小孩很難帶 長大還給妳惹麻煩 祝妳這種人一輩子人生不順遂 上廁所沒衛生紙 吃泡麵沒調味包 沒帶雨傘就下雨 用保險套還會破掉 走路沒事就滑倒 搭捷運搭公車高鐵三小的永遠剛好錯過一班 剪指甲都剪到肉 去外面剪個頭髮剪到耳朵 每天洗澡洗到一半沒有熱水 幹 ,2020/04/13 15:54:09,主文,3,0,6
M.1586793081.A.939,好想上班！！！！,cryy (台北裴柱現),五月被排二十天班還有一天見紅兩倍薪 希望能順利的上完五月 我想賺錢 垃圾武漢肺炎 還我八千元 by 貓 （） （） ,2020/04/13 23:51:17,主文,4,1,26
M.1586875149.A.433,"[黑特] Trishula, Dragon of the Ice Barrier",honest5566 (Dark Moon Princess),幹他媽的一定是太久沒被電皮在癢了. 肏你媽的一群不長眼的智障到處亂貼新聞 前陣子是新冠肺炎 今天是隨機殺人 在這之前宣導過N次砍過N次全部都無效. 幹你媽的這和板旨有甚麼關聯 居然還有一堆法盲在那邊顛倒是非胡亂煽惑違規 幹他媽的通通給劣文算了. ,2020/04/14 22:39:07,主文,1,0,0
M.1586928102.A.91F,[黑特] 一些人罵我的話,haiduc (小火柴),最近有些人還是在罵我 列舉一些如下 我希望得武漢肺炎 是我的名字 不管做什麼都不對 是我的名字 他這個人很壞，害很多人交不到（女朋友） 這個人真的很混蛋很混蛋 他很壞 沒事跟著別人罵我做什麼 自己努力不夠，或者哪裡能力不行，因而交不到女朋友 然後怪到我頭上 這種人可以去怪台灣女權世界名列前茅 女人能力和意識都抬頭 然後眼界變高了 所以一堆女人看不上台灣男人 然後台男才交不到女朋友 然後要娶外配 因果關係搞不清楚 把帳賴到我頭上幹嘛 搞清楚狀況 不要跟著風向、跟著別人罵我 自己先檢討自己吧 ,2020/04/15 13:21:40,主文,0,0,0
M.1587056622.A.2D8,[黑特] 噁心的囤物癖,jenqhau (有你真好),我媽囤物癖，我家很多口罩了，在疫情沒爆發前，我家沒有200也有150個口罩， 因為我爸臥床病人，所以平常有準備很多。我媽還每周去排，說我們的不好用， 新聞上的醫療口罩比較好用。但我家口罩就已經是很好的鴨嘴口罩，我媽就是吵著說 外面的比較好。然後搜刮家裏每個人健保卡，還跟鄰居借健保卡去排隊買，沒借到就說對 方沒愛心。 我媽每天花兩小時買口罩，問題是我家真的不缺啊。每次回來拿出他的戰利品。 我排好久喔腳都快斷了。我回我們家已經很多了你不懂啦，這個看起來 比較好 這幾天我弟實在受不了我媽，就在蝦皮買口罩。他花了700買100片給我媽， 拿去，不要再浪費時間到處排隊了，每次回來又整天說腳酸。100片夠了吧？不夠 我再買。 網路買得到口罩?你想的沒錯，包裝破又髒，甚麼環保裸裝、散裝，阿就是中國 口罩啊。我說疫情沒爆發前，中國口罩我買過50片39。你這個中國口罩賣的比台灣 口罩還貴，黑心商人發災難財，根本沒包裝誰用得下去，而且我們家真的沒有缺口罩啦 。 我又說家裡至少快200個口罩，又不缺，你一直排隊一直買回來又叫腳痠， 吵著說下午沒睡覺。現在弟弟去當盤子買中國爛口罩，還比台灣的貴，你開心了吧? ，我媽說又不花你的錢，我爽，關你什麼事。你說中國口罩爛，你能保證台灣的口罩 就不會偷工減料嗎?。 馬的，遇到瘋子。現在回家靠腰說腳好痠，我都不想理了，回你就是因為 身體太重太肥，腳才會腳痠啦 家裡還有山一樣的泡麵(90幾包)、衛生紙(比康是美門口擺的還多)、米酒(30幾 罐)、酒精、藥品...。 看了就煩。一大堆東西都過期，廚房一堆東西被老鼠咬破，蟑螂四處爬，我清 了一個禮拜。我媽竟然靠腰說，東西找不到，怪到我頭上來。我東西根本都沒移動過 位置啊 最近蟑螂又出來了，我已經不想管了，我媽沒有要整理廚房，她買了三十個 殺蟑堡，放在碗盤、杯子、飲水機旁邊有病嗎?我這幾天還是看到蟑螂啊。 冰箱超髒、超油，一堆過期東西，我趁我爸住院時全部清出來，連板子都全 刷過晾乾。現在過不到半年，傳出酸臭味，我媽把冰箱門打開，用電風扇卡住，吹裡面 ，說讓電風扇吹半小時，把味道吹散。有病嗎? 我回你是不是要煉蠱，培養出比武漢肺炎更強的病毒啊? 我媽生氣的說我是媽媽，你憑什麼，有什麼資格講我，你管真多 馬的，因為我媽愛囤東西，我家買到兩個冰箱，我買一罐牛奶，家裡有兩個冰箱 還沒地方冰。現在我弟說要買一個冰箱自己用了。 真的很噁心，我媽還喜歡跟人說她自己是有潔癖的人，我都快被臭死。 我也想看醫生，死好多腦細胞。 就是這樣每天循環。 我媽有兩個房間放衣服，我稱為老鼠的基地。裡面衣櫃上都老鼠屎，我媽不整理，她的意 思說全部留下來，以後你們看到那些東西可以懷念。可是我從來沒看你穿過啊，也不 用留那麼多，我只要看到老鼠屎跟蟑螂堡會想到你啦。 真的很噁心。我媽身上很臭，我婉轉說快去洗澡，她不洗澡卻去買一罐罐刻意香之類的芳 香劑。 嗯，我就是不理，沒想到我弟去當盤子。一個家裡擁有最少200個非中製口罩的人，花大 錢買中國爛口罩。 所以上來發洩一下嚕。,2020/04/17 01:03:39,主文,4,0,2
M.1587059706.A.4AF,Re: [黑特] 噁心的屯物癖,XBOX720 (藍色天堂),: 我媽囤物癖，我家很多口罩了，在疫情沒爆發前，我家沒有200也有150個口罩， : 因為我爸臥床病人，所以平常有準備很多。我媽還每周去排，說我們的不好用， : 新聞上的醫療口罩比較好用。但我家口罩就已經是很好的鴨嘴口罩，我媽就是吵著說 : 外面的比較好。然後自己家每個人健保卡搜刮完，還跟鄰居借健保卡去排隊買。 : 我媽每天花兩小時買口罩，問題是我家真的不缺啊。每次回來拿出他的戰利品。 : 我排好久喔腳都快斷了。我回我們家已經很多了你不懂啦，這個看起來 : 比較好 : 這幾天我弟實在受不了我媽，就在蝦皮買口罩。他花了700買100片給我媽， : 拿去，不要再浪費時間到處排隊了，每次回來又整天說腳酸。100片夠了吧？不夠 : 我再買。 : 網路買得到口罩?你想的沒錯，包裝破又髒，甚麼環保裸裝、散裝，阿就是中國 : 口罩啊。我說疫情沒爆發前，中國口罩我買過50片39。你這個中國口罩賣的比台灣 : 口罩還貴，黑心商人發災難財，根本沒包裝誰用得下去，而且我們家真的沒有缺口罩啦 : 。 : 我講了家裡至少快200個口罩，又不缺，你一直排隊一直買回來又叫腳痠， : 吵者說下午沒睡覺。現在弟弟去當盤子買中國爛口罩，還比台灣的貴，你開心了吧? : ，我媽說又不花你的錢，我爽，關你什麼事。你說中國口罩爛，你能保證台灣的口罩 : 就不會偷工減料嗎?。 : 馬的，遇到瘋子。每次回家靠腰說腳好痠，你就是因為身體太重太肥， : 腳才會痠啦 : 家裡還有山一樣的泡麵(90幾包)、衛生紙(比康是美門口擺的還多)、米酒(30幾 : 罐)、藥品...。 : 看了就煩。一大堆東西都過期，廚房一堆東西被老鼠咬破，蟑螂四處爬，我清 : 了一個禮拜。我媽竟然靠腰說，東西找不到，怪到我頭上來。我東西根本都沒移動過 : 位置啊 : 最近蟑螂又出來了，我已經不想管了，我媽沒有整理廚房，我媽買了三十個 : 殺蟑堡，放在碗盤杯子飲水機旁邊有病嗎?我這幾天還是看到蟑螂啊。 : 冰箱超髒、超油，一堆過期東西，我趁我爸住院時全部清出來，連板子都全 : 刷過晾乾。現在過不到半年，傳出酸臭味，我媽把冰箱門打開，用電風扇卡住，吹裡面 : ，說讓電風扇吹半小時，把味道吹散。有病嗎? : 我回你是不是要煉蠱，培養出比武漢肺炎更強的病毒啊? : 我媽生氣的說我是媽媽，關你什麼事，你管真多 : 馬的，因為我媽愛囤東西，我家買到兩個冰箱，我買一罐牛奶，家裡有兩個冰箱 : 還沒地方冰。現在我要自己買一個冰箱自己用了啦。 : 真的很噁心，我媽還喜歡跟人說她自己是有潔癖的人，我都快被臭死。 有些人就是愛多做又愛哭夭 又沒有人要他做 就愛刷存在感 不理他還會一直來煩你 我對於有病的人都採取無視 跟笨蛋爭論只會降低自己格調啦 幹 ,2020/04/17 01:55:04,回文,1,0,8
M.1587318473.A.C8A,[黑特] 我好累,petodog (摸落黑色),妳到底活在一個怎麼樣的世界裡 妳的價值觀 妳的劇本 妳說的謊 妳所要求的 妳所追求的 讓我活得好痛苦 媽媽 我好累 但我不能也不會當面對妳說 跟妳分享些什麼 妳又會開始哭 遇到無法解決的問題 除了扁我跟搞憂鬱妳還會什麼？ 我已經很努力逃出這個家了 謝謝武漢肺炎 我他媽的現在無法離開台灣 操 趕緊吃藥睡覺吧 憂鬱症真的是不知足吧 失眠也是想太多了 全部都是我們自己的問題 我好累 真的好累 ,2020/04/20 01:47:51,主文,1,0,1
M.1587464412.A.960,[震怒] 彈到屎是低等人類,tmen520 (廢文高手),幹你娘勒 台灣早就在去年年底警告武漢肺炎會人傳人 連email都拿出來證明了 事實就是有，你這死黑鬼低等人類是在該什麼該？ 幹你娘雞掰，我看你根本是你老木跟黑猩猩休幹生的 低等人類...廢渣...幹你娘老雞掰 ,2020/04/21 18:20:10,主文,0,0,0
M.1587469672.A.79C,[黑特] 幹，又買剉冰,brella (府城嚴選臭懶趴),幹，這種天氣就是要吃八寶冰 可是感覺賣冰的人員不太衛生，他媽的不會因此 得到武漢肺炎吧？ 幹，先吃完再說 ,2020/04/21 19:47:50,主文,4,0,1
M.1587476742.A.3A0,[黑特] ,mymicos (mymicos),好想出去玩 夏天快點來 武漢肺炎快點滾 有夠煩的煩 ,2020/04/21 21:45:40,主文,0,1,1
M.1587476975.A.7C2,疫情影響工作身上快沒錢了,BboyIllusion (B男孩),安安我逼男孩啦 前陣子辭職之後剛好遇上中國武漢肺炎 各大公司都不怎麼招人 害魯宅我現在身上只剩幾百塊 也沒工作兩個月了 想要好好的活下去，好難 ,2020/04/21 21:49:33,主文,2,0,1
M.1587550167.A.7B6,[黑特] 同事約跑,silentknight (清純男),辦公室很愛運動的同事 問我有沒有興趣 他要約跑 他說高雄有專業的夜跑群 也有一些地方適合下班後去夜跑 而且在空氣流通的室外夜跑 也比去密閉的健身房安全 怎麼辦 好猶豫呃 因為武漢肺炎一個月沒去健身房了 該不該答應同事的約跑呢? 幹點是 想運動 該運動了 今晚你選那一個姿勢?? (\ (\ )) )) rz rz rzst /rz /r27\ r27\ =^ ,2020/04/22 18:09:25,主文,1,0,0
M.1587565445.A.487,[黑特] 垃圾,oceanfishwu (fish),垃圾家庭， 管委會都貼公告請住戶十點後安靜點避免影響其他人了， 你們自己就是委員是在吵幾點的？ 垃圾 而且搭電梯還不戴口罩， 看不懂中文嗎？ 祝你們全家都得武漢肺炎， 死垃圾 ,2020/04/22 22:24:03,主文,0,0,1
M.1587734951.A.F94,[黑特] 關於支那賤畜的看法?,silentknight (清純男),黑特大民調 關於支那賤畜的看法 A.討厭支那賤畜 B.無感 跟我無關 關於支那賤畜得武漢肺炎 A.希望越多支那賤畜得武漢肺炎越好 B.希望越少支那賤畜得武漢肺炎比較好 C.無感 跟我無關 關於羅先生與前女友周小姐的看法 A.羅先生罪該萬死 出征討伐羅 B.看支那賤畜女周小姐被劈腿就是爽 C.無感 跟我無關 來個黑特民調吧 ,2020/04/24 21:29:08,主文,1,0,3
M.1587833688.A.45A,[震怒] 加班,ppc (萬燈謝盡 流光不回),加班加到 有點幹 幹到炸 現在加班費都無法平撫我的幹意了 但現在他馬的武漢肺炎把經濟搞炸 又怕被公司縮編開銷甚至裁員 一邊覺得加班很幹 一邊擔心大蕭條裁員 幹 人生 他馬的矛盾 ,2020/04/26 00:54:45,主文,0,0,2
M.1587890176.A.7D1,[黑特] 支那賤畜破麻女,silentknight (清純男),支那賤畜破麻女控制了台灣的言論 恐怖歐 一堆小粉紅過來出征 還好 台灣不想支那 只能容許一種聲音 不然直接送你感染武漢肺炎 ,2020/04/26 16:36:13,主文,0,0,0
M.1587970564.A.03E,[煩耶] 異地辦公,crazyblack22 (馬刺黑兒),去你馬的武漢肺炎 突然被通知要換地方辦公 你知道要搬的東西有多少嗎.... 幹幹幹 我有故事 妳有酒嗎?? ,2020/04/27 14:56:00,主文,1,0,0
M.1588084209.A.25E,[黑特] 我只想要好好活著,miruku550 (呀比),化療了兩年多 還是看不到盡頭 最近換新藥副作用變多 好睏睡不好 整天只能躺在床上 好累好累頭好暈 最近覺得狀況越來越糟了 自己身體自己知道 真的不是我在吹牛 我已經是很樂觀的病人了 很少哭或鑽牛角尖 但是只要稍微講個喪氣話就會被說 心情是最重要的喔 不要沮喪對身體不好喔 還有那種朋友說你以前不是都吃xxx止痛藥 你以前不是都不曬太陽 你太少運動啦 所以這樣就會得癌症嗎？有這麼無知 我身材是怎麼保持的你有看到嗎? 我飲食用品日常習慣起居從小嚴格到不行 止痛藥只是剛好去日本隨手拿的根本沒長期吃 罕見癌症膽管癌懂嗎？ 還有同學問很嚴重嗎？會死嗎？你才腦死吧 還有人說你很好了 沒得武漢肺炎 到底是在哈囉你好嗎 全部封鎖刪除 乾淨 好棒 早點洗澡睡覺 ,2020/04/28 22:30:07,主文,5,0,3
M.1588111305.A.A7A,[黑特] 是要不要去打工？,AnpingTW (阿P),五一連假 假日服務的那家公司打電話來 這三天都有案子 如果都去的話還加獎金 三天就可以賺5000元 他媽的以前都沒這麼多錢 現在是發作哪椿？ 武漢肺炎讓我只想在家好好休息 一份工作就很煩了 假日打工還有怪怪千金 雖然每次上班下班都閃著她 但一被逮到講話就會心情壞一晚 還是在家睡比較爽 民調 因為有獎金 你不會想看的哈哈哈，不正,2020/04/29 06:01:41,主文,2,0,2
M.1588171892.A.E86,[黑特] 我好恨,mymicos (mymicos),沒有朋友真的很可憐 好想去旅遊 幹 首先我們要有心電感應~ 武漢肺炎 哭哭 hi~濠油 嚶嚶嚶 阿夢我勸你友善 :(,2020/04/29 22:51:29,主文,3,0,4
M.1588317630.A.B9F,[黑特] 考卷,Timekeeper (fine),不太懂欸 教授說什麼因為疫情的關係 所以這次上課先不發期中考卷 ... 有什麼關係嗎 課都照常上了 發個考卷就會感染武漢肺炎嗎...？ 有點無言 會不會只是因為他其實還沒改完考卷 == ,2020/05/1 15:20:28,主文,1,0,1
M.1588408589.A.60B,[黑特] 要命喔,Wolfgang9527 (Madao),幹 https://www.youtube.com/watch?v=MV0J5jZODz8feature=youtu.be https://www.youtube.com/watch?v=yKysc1vfGwfeature=youtu.be 看到鄉民PO 影片 又看到新聞 全國齊心對抗武漢肺炎（COVID19），卻還有不肖業者藉機牟利，大賺防疫財法務部 調查局高雄市調查處調查，位於高雄的知名醫材行益江公司涉嫌在防疫期間囤積及哄抬口 罩價格牟利，不僅如此，該公司還自中國湖北武漢進口不符合過濾效率規定之口罩，數量 高達313多萬片，調查局緊急從訂購客戶追回不合格的口罩共計7800片。 幹 不意外啊 把作口罩 當作作衣服一樣啊 難怪世界各國都退中國貨 看看影片 打工的 不是在什麼無塵室 更別說 大部分 連手套都沒戴 口罩也沒戴 就在那邊 邊做邊聊天 我就想起 台灣古早 家家戶戶手工代工的時代啊 對不對 幹 那些是醫療用品吶 然後我看到 第一個影片2:17左右 沒戴手套 隨手抓 隨手翻 哇塞... 當作百貨公司大拍貨 商品隨你碰 隨你翻嗎 我只能說 幹 太屌了 真的 ,2020/05/2 16:36:27,主文,0,0,0
M.1588604680.A.4DF,[煩耶] 想要只能自己來,Switch1018 (天秤寶寶),最近武漢肺炎好可怕 想要自己在家做一些麵包吃吃看 https://imgur.com/Ej74S3t 不過沒想到自己在家DIY做麵包 但是真的..意外的好辛苦哦 捨不得花錢買攪拌缸或是一大堆材料 所以只好用手慢慢揉麵糰 簡直..乾真的累爆欸 還好成品還...免免強強吧 不然真的是浪費了我不少精神啊 愛吃蔥花不小心灑太多 上1跟大熱狗 好吃 但也好累 嗚嗚 ,2020/05/4 23:04:37,主文,0,0,0
M.1588645945.A.626,[超幹] 房子有夠貴的,adeniss ( ),馬的都武漢肺炎了 沒甚麼人在看房 去看房子每個代銷價格都不知道在硬三小的 幹 買不起房子啦 林北還是去住公園算了 跟顏色講看房狀況 還被發閃 馬的 自己去看 ,2020/05/5 10:32:23,主文,2,0,0
M.1588654644.A.34C,[黑特] 有夠熱,EnochJ (渡情),幹 這天氣怎麼這麼可惡 又熱又乾燥又曬 害我動不動飲料就全冰 開電風扇 冷氣開26度 早上起來發現自己鼻腔跟喉嚨好像有痰 幹你娘怕爆 幹我484武漢肺炎惹 幹 媽的都是天氣熱害氣死 ,2020/05/5 12:57:22,主文,0,0,0
M.1588745120.A.F00,[煩耶] 幹你娘 大白天是看到鬼喔…,gkkkkkkkkkkk (從今以後沒有這位濫好人),剛剛 點餐完 開門進去要就坐眼睛撇見有個妹 剛要走進轉角處角落座位 也沒多想什麼 然後剛剛拿餐具時看了一下 幹你娘 角落兩桌六座位都沒有人啊啊啊 想問一下武漢肺炎 會影響視力嗎？ ,2020/05/6 14:05:18,主文,0,0,1
M.1588771212.A.B06,[火大] 你摸我就洽,Switch1018 (天秤寶寶),不知道這邊有沒有人是做跟吃有關的工作 因為武漢肺炎疫情關係可以很大聲喝止客人不要用手亂摸食品 尤其豆腐特別容易被摸(想吃就說 每個都摸我真的沒辦法忍受 一定要講才會稍微收斂 心裡只有一字 爽 疫情沒爆發時 拜託客人不要直接用手摸豆腐 還要被說很搖擺 (不然你來賣，我照三餐進去摸你家食品看你爽不爽? 老娘是知道你買豆腐前手到底摸過啥東西嗎 是再摸沙咪啦 氣死 ,2020/05/6 21:20:10,主文,0,0,0
M.1588944440.A.6C4,[超幹] 文盲嗎不懂什麼叫紓困?,AnpingTW (阿P),幹 非常賭爛那些原本就家裡蹲 聽到有一萬元紓困金就去申請 他媽的知道什麼叫紓困? 紓困指的是你原本有工作 但因為武漢肺炎疫情影響 導致沒工作了 所以發一萬元救急 草你媽一堆自稱艱苦人 平時就艱苦國家有社會救濟管道 你這種申請不到 表示有一定財產 幹他的那種領過一次退休金 自願退休的主張自己沒工作 是在靠背三小? 賭爛 機歪 有工作的每天上班都沒補貼了 我的假日打工因為肺炎疫情受影響 我也沒吵著要紓困 一堆本就沒工作的噗龍共 是在騙三小? 幹 ,2020/05/8 21:27:18,主文,1,0,1
M.1588990121.A.86D,Fw: [黑特] 刪除業障的方法,starlights (恨~每天幻聽張繼元的聲音),Buddhism 看板 1UjIYY7Q ] 作者: starlights (恨~每天幻聽張繼元的聲音) 看板: Buddhism 標題: Fw: [黑特] 刪除業障的方法 時間: Fri May 8 17:38:41 2020 HatePolitics 看板 1UjIWV7n ] 作者: starlights (恨~每天幻聽張繼元的聲音) 看板: HatePolitics 標題: [黑特] 刪除業障的方法 時間: Fri May 8 17:36:05 2020 達官顯貴們刪除業障的方法 比如說:達官顯貴A殺了一個人B他們到寺裡供了一尊佛 然後B的親朋好友報仇的時候.放鬼詛咒A的時候(或B變成鬼報仇的時候) 寺裡的護法或學密的法師就會把A的業障移到任何他們能控制的人身上 也許是寺僧也許是信徒假設是移到C身上好了 C如果是有道德有修行的僧人B或B親朋好友的詛咒就無法成功而被反彈... C如果是笨笨的信徒就會一直出問題一直出問題也不曉得為什麼還是笨笨的 去寺裡拜拜然後護法或學密的法師有時會處理又移給別人有時又移回C 於是達官顯貴的業障就輕輕鬆鬆DELETE了 我之前不懂這個道理跑去妙通寺然後一下金正恩一下馬英九一下selina 如果是這樣一個國家的殺人魔王就可以永遠無所畏懼的存在.. 那又有什麼天理可言呢??????????? 如果這是達官顯貴對待老百姓的方法 這個世界還能夠期待什麼??? 對佛祖還能期待什麼呢???????????????????????? 幻聽:[starlights和selina換命換完後selina是修行命starlights是被狐狸修理的命] 我的生辰八字2014年給妙通寺的時候我沒有想到會變成這樣.. 那年的幻聽:[換命後張承中可以選舉了~~~] 我還很白癡的相信妙通寺跑去出家 廣欽老和尚真的是聖僧嗎??? https://www.ptt.cc/bbs/HatePolitics/M.1588930591.A.1F1.html 最近的幻聽是:他們把我樓下一台半年沒騎的機車換電瓶...那台機車不知道 為什麼油箱漏油修理要2000元(我己經四年沒工作還要繳國保和健保根本沒錢) 還說我如果拆電瓶來用會爆炸... 然後那些幻聽說:害我的人養蠱神在我家附近使用我的福報在中國賺錢..不知道是 跟我之前待的公司有關還是也和妙通寺有關??? 更重要是我之前有待過24小時網購公司現在我每天想在網路買東西就會聽到他們說 物流我們都認識把你的貨都換成壞的....(我從離職到現在每次網購不良率50%) 之前我要買做乾洗手的那些幻聽還說:[裡面都放毒藥毒死你]... 現在武漢肺炎幻聽又說:[只要你出門就找確診的人去堵你~~] 我上次出門購物在賣場裡遇到幾個年輕人一直在我身邊晃來晃去.. 回家幻聽又說:[那些就是確診的官兵要他們去害你得肺炎] 然後那天晚上我睡覺時鼻子竟然覺得很痛苦然後突然一直不能呼吸.. 後來我爬起來用熱水一直沖鼻子才又比較能呼吸.. 如果害我的行為是真的那些政治人物權高望重的人待我如此處處修理要殺死我 還一天到晚說自己是佛教徒...我真的不知道什麼是好的是壞的..,2020/05/9 10:08:40,主文,3,0,33
M.1589001821.A.44D,[王八] 工業之母,Switch1018 (天秤寶寶),嗚嗚 我本身因為工作的關係也會接觸到酒精販賣的相關詢問 沒想到..前幾天來了自稱工業之母的客人 聽起來是不是很厲害呀?(暈 以下當天令人無言的對話過程: 客人：...喂小姐你好，請問你們有賣95%的酒精嗎？ 我：嗯..不好意思餒，因為目前武漢肺炎疫情的關係目前只有生產75%的， 這樣子一來你們回去也不用再去做稀釋的動作就可以直接使用了喔 客人：我們是你們這裡OOXX啦，就是你們隔壁的鄰居就在附近的%%路上面而已， 可以幫我外送酒精嗎？ 我：呃..嗯...這可能要麻煩您親自過來跑一趟耶 我們這邊最近人手比較吃緊無法再幫您做外送的動作喔 那麼..請問您需要的這個量大約是多少呢？ 客人：哦..來我告訴妳哦，我們的公司啊， 可是“工業之母”喔（再三強調），哈哈， 很厲害的，妳做這一行一定有聽過吧？(抱歉真的沒聽過欸，那是沙咪碗糕 我們公司啊..只要擦拭機器就是必須要用到95%濃度的酒精 ... 妳幫我留..妳能幫我留一箱嗎？我電話給妳幫我留，記得幫我留蛤~ 我：(突然一把火燒上來) 工業之母先生，不好意思，剛剛已經有先跟您解釋過， 我們目前並沒有95%濃度的酒精唷~ 所以現在就是沒有95%酒精，請問您要我去哪裡生給您呢QQ 如果要其他濃度的，那麼...抱歉現在最多就只能給一箱了喲~~ 客人：哦~那麼，妳們上班時間呢？ 我：嗯...9~17唷，超過時間就抱歉了不好意思捏~ 客人：欸欸欸欸，可是妳下班我也下班了啊(請問是乾我屁股事情呢哈囉？ 啊妳們能不能等我一下啊蛤？ 一下下而已買個酒精不會花妳們多少時間喇蛤~ 我：哦...那麼，請問您要不要付我加班費呀？ 您可以中午休息時間過來呀， 您不是說您這個工業之母就在我們隔壁而已XX路不是嗎~~~？ 這樣不就買得到了？ 您也不用下班買，我們也不用加班賣，這樣子做不是很好嗎？ 客人：耶？可是中午超熱的耶喔，這麼熱在外面跑來跑去會中暑的啦~吼唷~ 就不能稍微體諒我們一下嗎？後~ 我：嗯...可是我看這邊附近上班有需要買的都是利用午休時間過來買呀， 我們中午沒午休喔~直接來就可以買到了不用下班特地再跑一趟囉~ 客人：這樣喔......那..那妳幫我留一箱好嗎？ 我們可是工業之母，很重要的哦~一定要記得留一箱給我嘿~ 我：嗯可以啊，會先留一箱，看您都問這麼久了應該是真的有要買 反正要買酒精本來就很多地方可以買，我們這邊也沒這麼快就清空啦~ 之後結束對話 然後那一天也過去了 But重點來了 她根本就沒來 根本就沒來 根本就沒來啊啊啊啊啊啊 本來因為疫情受影響一堆想吃的店都沒開 已經夠不爽了還給我亂，真的有病484啊 沒有要買會問這麼多？？？？ 啊就酒精嘛~要買就買，不買那也就算了， 這樣也可以盧這麼久然後放鳥真的氣死 乾咧，去他們娘親的工業之母咧 什麼工業之母勒我要的是拯救地球人 地球人比較重要啦 工業之母好偉大好棒棒喔 打完這篇自己都想笑XD 真的有病欸他XDDD 已經分不清楚要生氣還是要笑了 呼~手好痠 ,2020/05/9 13:23:38,主文,2,0,1
M.1589187339.A.796,[王八] 插進來,Switch1018 (天秤寶寶),乾~氣死耶 現在保持社交距離都是笨蛋麻瓜就對了?? https://imgur.com/es75MBE 這樣是我距離太遠嗎? 前面黑色衣服男生才剛剛往前面走過沒多久 這位小姐馬上插進來是怎樣啊= = 看不出來我排隊嗎~還是我站的太遠 突然想到之前朋友跟我講的 她每次都我排隊只要遇到這種 因為有保持距離但是反而被硬插進來的人 都會很大聲的跟我說: 妳看，被插隊了吧?都是妳要保持社交距離才會被插隊， 妳直接貼很近把武漢肺炎傳給前面的不就好了嗎? 通常插隊的聽到都會自動去另一邊排隊XD 真的傻眼...這裡也不是沒空間可以排 真的不懂為什麼那麼喜歡跟前後的人貼緊緊的耶 我很怕被傳染得病啦~拜託不要這樣子好不好 也還好這一次店員有注意到 要是假裝沒看到插隊的話 那我大概也就不會再來這邊惹QQ 氣耶 ,2020/05/11 16:55:36,主文,1,0,0
M.1589205523.A.578,[黑特] 老乾杯推外帶便當了,silentknight (清純男),武漢肺炎讓很多餐飲業受創 許多知名店家開始推出外帶便當 繼王品集團後燒肉品牌老乾杯也推出外帶便當 A5和牛便當千元有找 只要台幣999 有沒有黑特鄉民想買來吃看看 ,2020/05/11 21:58:39,主文,0,0,3
M.1589251637.A.774,[超幹] 幹 來中壢公所辦事 雨有夠大,hateOnas (老伴 你要不要紓困 ),幹 我中壢公所下車的時候還沒有雨的啊 怎麼現在要回車上雨這麼大 幹這是要逼死誰 難道是天要叫我去中原嗎 因為武漢肺炎只有開前門啊 雨要等多久才會停 不爽 這個社會一直在談家庭、教育，以及工作間的平衡，我辭職之後回家帶小孩， 我沒想到這個社會是如此的不安全。 我真的很希望政府、各級單位，能夠做些事情讓媽媽放心帶小孩， 或者是讓媽媽放心工作 ,2020/05/12 10:47:08,主文,2,2,3
M.1589355144.A.602,[煩耶] 亂,Switch1018 (天秤寶寶),真的火起來 想要抱怨一下叫外送的部分客人素質 最近武漢肺炎感覺可以找個兼職紓解一下壓力 所以來兼職嘗試送一下賺嗚嗚 但是澳洲客人其實...也是不少@@ 一遇到就快中風 真是一堆XX的連自己地址都不知道 我打電話詢問對方地址是XXX是否正確無誤 對方不耐煩地說:對啦~妳菜鳥是不是啦?然後馬上掛電話XDDD 但我還是好口氣的再打一次電話並說我已經到囉 請問是要送上樓嗎? 再打一次之後 對方只說:對 就打上掛我電話 這時候我已經快要~牙起來了= = 因為他給我oo路60號我把它社區全看過就是沒有60號 第三次打電話確認 那位小姐開始發神經說其他人都送得到就妳送不到blablabla~~ 我的火已經要冒出來了，但還是好聲好氣的問是不是60號呢? 結果她很生氣地說60號啦幹 這時候我打第四通再問一次小姐妳門社區沒有60號唷 然後她突然大吼說我XX的住58號啦~誰跟妳說我住在60號呢? 我妳她嗎的58號啦= = 我前面先打了3通問妳是不是60號跟我說對就算了 都還沒有說完妳就急著掛電話到底是在哈囉? 不是說我們問題多 而是有的人真的連自己住在哪真的都還不太清楚耶XDD 而且不知道她到底知不知道我前前後後花了一小時左右 就為了送妳這個火鍋 不過..其實也沒關係最後打的時候她死不接 我就回報派單客人拒收也不願意給正確地址 就只好實收0囉~(灑花 在小小的說一下 很多客人愛訂外送 蛋就是有少部分的人會把地址亂打或者設定離店家很近= = 不然就是設定鄰居家、公司地址..之類的 我知道可能很多人不喜歡被按電鈴所以我通常電話通知確認 有一次客人打地址某某社區110號 我一過去的時候就看到一位阿婆一臉黑人問號的看著我 我也禮貌性地詢問看看那位阿婆有沒有訂購外送 阿婆說沒有，於是我就把手機給她看 結果阿婆臉超臭很生氣說:XXX又是附近那個陳小姐嗎? 她家就再隔壁幾號而已 然後那位小姐突然就跑出來 很不知羞恥的說:欸底家啦妳送那邊沖三小? 我跟阿婆臉就臭起來= = 小姐妳媽媽生妳的時候是不是忘了給妳帶腦子和羞恥心啊XD 那位阿婆還跟我抱怨這已經不是第一次了~ 晚上還會按她電鈴吵人 真的很討厭欸 有些客人真的拜託先去google地圖找一下自己家在哪 然後再來下訂單 還有要叫外送拜託打正確的地址啦 不要每次都造成大家or鄰居的困擾OK? 比如領樓加蓋沒有門牌之類的，也請再備註留言 不然就至少好好地跟外送員說 不要一副大家都應該知道妳家住哪的跩樣啦= = 還有如果知道自己家是比較不好找的 麻煩備註一下比如 OO便利商店旁邊鐵門樓上前面有兩條狗拐個彎之類的 越清楚越好啦XD 唉，果然不該兼職嗎XD 送到自己很氣哈哈 ,2020/05/13 15:32:21,主文,0,0,0
M.1589470226.A.945,[黑特] 美股狂拉,c402 (小鐵),死那麼多新冠肺炎 這個美國只會炒股 半小時拉快500點 大家什麼都不用做 炒股天下就太平啦 ,2020/05/14 23:30:24,主文,0,0,0
M.1589781853.A.8FB,[震怒] 哭阿,Wardyal (Wardyal),挖肏勒 https://moptt.tw/p/JLPT.M.1589778116.A.810 日文檢定 7月場日本停了 台灣好像也要停了 幹你娘 垃圾中國武漢肺炎 ,2020/05/18 14:04:10,主文,0,0,0
M.1590041896.A.32F,[震怒] 佳琳變家伊,gogin (愛喝可樂的勾勾),幹 沒事又境外移入 連莊就這樣破了 幹 你你媽的中國武漢肺炎 ,2020/05/21 14:18:14,主文,1,0,0
M.1590238960.A.B7D,[超幹] 中共製造武漢肺炎疫苗的心得,Zoology (吃著火鍋 哼著歌),乾 一個朋友的心得是： 有人看到機會，有人製造對立。 乾你娘腦袋是被習維尼乾到嗎？ 乾你娘中共武漢肺炎 乾你娘搞得我提早回台灣 然後機吧找工作無聲卡 乾你娘 繼續舔習維尼 看看那些香港和維吾爾的女生 都被抓走了 乾你娘那個人老婆機吧醜不怕就對了 乾 ,2020/05/23 21:02:38,主文,1,0,1
M.1590416150.A.355,[黑特] 恐龍,RyuuguuRena (竜宮 レナ),媽的 中國武漢肺炎 這禮拜沒有最新的恐龍可以吸了 幹幹幹 雖然有大叔與恐龍可以看 但還是不夠啊 再補個幹 ,2020/05/25 22:15:46,主文,1,0,0
M.1590556399.A.FD7,[火大] 操你媽中國武漢肺炎,beerbelly (ビールベーリ),甘霖啦啊咧啦操你媽中國武漢肺炎 贛林武漢肺炎肏擊敗 傳播中國武漢肺炎病毒的源頭死全家啦肏 幹你娘 ,2020/05/27 13:13:17,主文,0,0,0
M.1590671396.A.FE5,[超幹] 幹你娘垃圾習俗,abcpoppo (Poppo),幹你娘宗教習俗根本他媽的詐騙 雞掰垃圾老人再遵守那些過時爛東西 新冠肺炎搞什麼鬼怎麼不擴散開來殺光這些廢物老人 雞掰啊幹你娘老人都垃圾地球毒瘤 ,2020/05/28 21:09:54,主文,2,0,0
M.1590774171.A.F08,韓國,cryy (台北裴柱現),武漢肺炎疫情也是很嚴重 現在竟然才排行48==???????????????? excuse me請問這世界是發生了什麼事 幹點就是 午覺睡到晚上七點現在沒睡意 好想跟朴敘俊抱抱睡覺:)))可惡 ,2020/05/30 01:42:48,主文,2,0,4
M.1590848793.A.B3F,[煩耶] 關於武漢肺炎,sss258 (sss258),怎麼武漢肺炎會有那麼多感冒的症狀呢 還有感冒也會併發肺炎 這根本是感冒病毒吧 要操作的方向可能就是看中醫 吃中藥了吧 ,2020/05/30 22:26:31,主文,1,2,2
M.1590911290.A.38D,[黑特] @@,Timekeeper (fine),唉 真的很難呀 我花了五個小時的時間 做出來的東西 成功預測的比例還比隨便亂猜成功的比例還低 讓我想到之前武漢肺炎的篩檢 成功率好像只有四成 就有人說隨便丟硬幣都有五成 呵呵 人生好難 ,2020/05/31 15:48:08,主文,1,0,5
M.1590974468.A.C76,[超幹] 失業啦 幹,Saikano (喔),老子好不容易容忍你這韓國機八主管九個多月了 想說這公司其實也不差 員工現在也都在家工作三個月了 上個月公司業績還歷史新高 結果星期五下午跟我說 可以打個電話嗎 有事情要談 幹你媽的這種星期五下午說有事情要講的 這就很明顯啦 同事還跟我說 應該只是要交代一些事情 打過去還跟我在那邊問候我孩子多大 在家怎麼樣之類的 到後面開始說現在工作量減少 我覺得公司不能再繼續僱用你了 我幹 幹你媽 韓國人主管對待員工的方式就夠機巴了 好不容易忍下來 想說可以待這間公司久一點 明明我工作上跟別的部門的事情60%都沒她的事 就還硬要過來參一咖 表達自己意見 幹你媽賤婊子 我們是有問妳就是了 說自己壓力多大多大 多少事情要管 幹還不都妳自己自找的 硬要找事情做 硬要參一腳 做事沒邏輯 事情忘東忘西 到最後一刻別人催才想起來 趕緊跑來說這東西馬上要 偏偏老闆就又很聽妳的話 90%說的鬼話都信 員工有意見 聽不進去 還紀仇 最後故意找理由解雇 說自己多累多累 也不想想還不是因為自己有個廢物老公 要做什麼都沒毅力做下去 繞了一大圈 還說要去念神學院當牧師 甲賽啦 還不是在家裡蹲 成天穿吊嘎當韓國大男人 跟我說不能繼續僱用我 還補一句 哎呀我也很不好意思 也知道你有小孩 幹 總之 我失業了啦 操妳妹 反正一堆project我沒做完妳們想辦法自己做 死廢物 還好美國還願意多給失業救濟金一星期六百鎂 乾脆回台灣算了 幹妳媽的武漢肺炎 幹你媽的美國暴動 幹你媽的總族歧視 美國夢 夢你媽 wingthink 我這麼愛妳， 為什麼？ ^ 因為他有象山、雪茄 NY牛排館 y 焙果跟NY牛排啊 揪咪 5A ,2020/06/1 09:20:51,主文,1,0,3
M.1591147957.A.6D2,[黑特] 幹你娘武漢肺炎,mymicos (mymicos),衣服又沾到漂白水，有夠靠背 應該問老闆能不能報治裝費 幹 ,2020/06/3 09:32:35,主文,4,0,7
M.1591454700.A.BA5,[王八] 垃圾,Seirra (ゆこ ),哀 可憐哪 不還錢垃圾廢棄物你他媽全家武漢肺炎死好 混帳東西 破人格沒覽趴 趕快去死一死 賭海無邊，回頭是岸 皿 冥 幹你媽的，死王八蛋 燈 照世冥燈 ASDF41514,2020/06/6 22:44:58,主文,0,0,0
M.1591464220.A.E64,[王八] ,Seirra (ゆこ ),媽的 婊子配狗天長地久 垃圾配婊子 兩隻都是狗 物以類聚 什麼鍋配什麼蓋 全家武漢肺炎 跟你的婊子爽快過活吧 別放生喔 賭海無邊，回頭是岸 皿 冥 幹你媽的，死王八蛋 燈 照世冥燈 ASDF41514,2020/06/7 01:23:38,主文,0,0,0
M.1592664925.A.FEA,[黑特] 加拿大武漢肺炎病例破10萬,lpbrother (LP哥(LP = Love & Peace)),花了半年時間， 加拿大也進入 10 萬俱樂部 很奇怪的是巴西也破百萬 但是卻沒啥人報導 我難過 補個幹 ,2020/06/20 22:55:23,主文,3,0,0
M.1592751545.A.CBA,[黑特] 武漢肺炎,Timekeeper (fine),剛看到這個新聞 https://reurl.cc/Nj8979 病毒應該不會跟著洋芋片、可樂一起過來台灣吧 不然有點可怕欸 嘖嘖 ,2020/06/21 22:59:03,主文,0,0,0
M.1593328295.A.826,[火大] ,Switch1018 (天秤寶寶),突然想到去年的事情 人生第一次吃到不新鮮蝦子耶 大過敏之後 現在只要在外面用餐看到蝦子都會覺得很害怕... 但是我自己又很喜歡吃蝦子呀 到底為什麼啊..... 還記得我去年的年底到了某XOXO用餐 四個人就花了兩千多塊接近三千多台幣左右 回到家裡面不到半小時臉就開始覺得癢 後來覺得應該是過敏就趕快跑去藥局買成藥來吃 同行的友人也有人出現跟我差不多的情況 還好心打電話跟店家說食材不新鮮請他們不要再使用了 以免有下一個受害者出現 那一家餐廳的老闆也說如果我們有去看醫生會負責的 但是也沒有很清楚的交代到底需要用什麼麼樣的文件資料 過了大約半小時以後，覺得吃藥實在沒有什麼太明顯的用處耶 反而是全身變成癢到不行還發燙害我一直扭來扭去的 趕快去掛了急診還足足地挨了兩個針頭那麼多... 在醫院待了兩個多小時左右了吧 突然驚覺都半夜了也就趕快回家裡面做休息了 事後過了好幾天，應該過一個禮拜有了吧我猜 店家根本也就完全沒有打電話過來關心一下我們呀 我們越想越不對勁，花錢吃飯還要自付店家他們 因為食材不乾淨而產生的醫藥費用???? 越想越不甘心，我就打電話過去做詢問店家 它們的服務人員說要詢問他們老闆，之後才會再請她們老闆打給我 再來老闆回電了，說要開立診斷證明書加上收據才算數耶 但是問題就來了，醫院不是在我家附近耶 有說去就去這麼容易喔? 等到我有空再特地跑一趟要開診斷證明書的時候 護理師就說既然這樣的話，妳要再掛一次急診唷 我當下就覺得自己這樣實在太過浪費醫療資源 也非常浪費自己的時間，所以我就馬上離開醫院了 又打電話給餐廳說請退我餐費就好 醫療產生的費用我在自己想辦法就好了吧 當時店家他們也是粉堅持說要我再跑一趟醫院 去掛號開診斷證明書 店家他們也反拍了我的醫院收據以及我之前過敏的照片 但最後卻一直沒有很想要趕快處理的感覺 後來武漢肺炎疫情爆發我也不敢亂跑醫院，就一直拖著等 最後跟他們總公司的客服人員聯絡上 當時客服人員說還是要請我們去醫院開立診斷證明書 又補充了一些說如果沒有開立無法證明是因為吃他們家的東西過敏 我就生氣回應她說:我們確實吃完就是回家發作了 連醫生也是說我們是海鮮過敏感到不舒服 也都有當時的照片存證以及那時候醫院急診室的收據 可以證明我們一行人真的有去吃過你們餐廳，不是來搗蛋的 但沒有想到的事情發生了 客服人員卻說:有可能是我們吃完他們餐廳之後 又回去吃到什麼不乾淨的東西導致我們才會像這個樣子過敏 況且當天用餐的人根本一個也都沒有事情發生 怎麼就只有你們過敏啊，你們真的是好奇怪喔 最後我看她好像無法溝通，並且不太有邏輯以及同理心的樣子 我懶得跟他說了，只是瀟灑的回應她: 啊那妳不就很會吃?妳去吃到飽吃完回家還會再去吃東西唷? 就這樣吧，懶得跟妳說了，掰囉 後來最後協調的結果 其實也只是請他們餐廳退當天用餐的那一頓吃飯錢給我們而已 但是醫藥費什麼的，往返醫院的車錢 心靈受創的補償之類的卻是一毛也都見不到呢 等於是怎麼看都是我們大虧而且沒有達成協議 我們也想說那就算了反正也才兩三千塊錢而已 就懶得跟她吵了 大不了我不會再踏進你們家餐廳了 這樣應該可以了吧 怕人家吃還敢開吃到飽啊 重點是食材根本也都不新鮮嘛 是要害死誰呀 想要長久經營還是要在食材上下功夫的才行吧 難不成這就是所謂的黑心店家嗎= =.... 一出問題就先全部推到消費者的身上再說 我還真的是大開眼界了耶 感謝你們喔 ,2020/06/28 15:11:33,主文,0,0,0
M.1593527989.A.5F7,[黑特] 流行性感冒每年造成65萬人死亡,lpbrother (LP哥(LP = Love & Peace)),現在新冠肺炎造成全球 50 萬人死亡 差不多已經接近每年流行性感冒造成的死亡人數了 恐怖 補個幹 ,2020/06/30 22:39:47,主文,1,0,1
M.1593613977.A.749,[黑特] 腸病毒人數也少超多,lpbrother (LP哥(LP = Love & Peace)),https://i.imgur.com/6ZccYpI.jpg 今年因為武漢肺炎的關係 大家都勤洗手 跟去年比起來腸病毒的就診人數少超多 補個幹 ,2020/07/1 22:32:55,主文,0,0,0
M.1593673989.A.34C,[黑特] 中國武漢肺炎憑什麼只有八萬多,tmen520 (廢文王),幹他娘的 中國憑什麼只有八萬多確診 八百萬還差不多 有種講實話啊 垃圾騙子 真他媽無恥小孬孬 春秋時代有周文王 ptt有廢文王 ,2020/07/2 15:13:05,主文,0,0,2
M.1594013620.A.715,[黑特] 靠北武漢肺炎,ruby122825 (Ruby),都是虫國人當初不好好通報武漢肺炎 把現在這世界搞得怎樣 從海外回來還得隔離14天 家人現在就在加護病房 我在台灣也只能繼續隔離 虫國人真的是毀滅這世界霸主 希望你們快點自爆什麼爛國家 ,2020/07/6 13:33:38,主文,0,0,1
M.1594038356.A.565,[超幹] 想去中國,AnpingTW (阿P),幹 武漢肺炎前我存了100萬人民幣在中國的銀行 原本當作那筆錢會被沒收 最近銀行居然打國際電話來找我 讓我感動不已 雖然這人民幣100萬我還是覺得沒機會轉回台灣了 要是能夠每半年住中國 依中國的低消費 一年花個56萬人民幣 這樣可以50歲退休吧 等70歲時因中國醫療落後 我只能住在台灣 人民幣存款屆時已花光 也不必擔心 問題是 他媽的中國能不能一直跟台灣維持和平? 至少再維持個50年吧拜託了幹 ,2020/07/6 20:25:54,主文,2,0,1
M.1594375725.A.955,:(,cryy (台北裴柱現),本來錢丟定存機動利率 誰知道利率已經夠低了又被武漢肺炎搞一個大降息 只能拿4000多惹喇 本來5000多 QQ 幹幹 離職後開始研究股票 但現在感覺也不是買的時機== 今天薪水24200 讚讚捏 這個月的薪水大概是萬三 我有萬三的零用錢可以亂花惹 ,2020/07/10 18:08:01,主文,22,0,22
M.1594435893.A.62D,Re: [煩耶] 開黑店敲竹槓店還能理直氣壯的,q910044 (弦樂五重奏),馬的真是噁心的嘴臉 不得不罵兩次 當初在國外四處炫耀自己賺超多 然後騙人去那 卻安插自己全部親戚工作 走到哪安排到哪 還夥同親戚趕走無辜的背包客 回國在坑丁開敲族槓店 有賺錢時還同一個人結婚三次要賺紅包錢 我最倒楣是帶朋友去你那 被騙 而且還四處用我名聲套我朋友圈 沒看到你家坑店太貴大家都不去住 EQ高 應該是心機高 後來看到你他媽的遭到報應在那跟媒體對罵 笑死現在時間超多看你都在那罵政治 趁這暑假賺你最後一票吧 還是你以為每年都會有武漢肺炎? : 幹你娘 有一個人在開黑店黑朋友錢 : 結果在那講自己優點是EQ很高 : 很高的話我當初帶朋友去你那等於帶錢去你那 : 竟然還被你兇? : 明明自己遭到報應被人整鍋端掉了 : 當初自己在國外也沒幫過人 : 現實的要死 : 死垃圾,2020/07/11 10:51:31,回文,0,0,0
M.1594564391.A.4FE,[黑特] 幹你娘武漢肺炎,werqt (可愛),幹你娘武漢肺炎臭掰 近平的菜肛門被普抹日本芥末雞姦六百遍到脫肛 灑滿地糞水噴到他爸墳上長出五千棵爛茄 在插到唐德塞嘴裡終身軟屌發霉臭包皮 ,2020/07/12 22:33:09,主文,0,0,0
M.1594805389.A.293,[黑特] ,asol56 (巧寶),畢業一個月回家了 爸媽每一兩天就情緒勒索我要我在家幫忙 但我知道只要一留下我就走不出去了 每天投工作覺得心好累 越投越不知道自己要什麼 我想面試的公司都不面試我 我不想的都叫我去 找了半個月了 希望越來越好 幹尼娘武漢肺炎 ,2020/07/15 17:29:45,主文,1,0,5
M.1594892400.A.255,[黑特] 終於知道台灣護照的好了吧,Xenomania (早安。午安‧晚安),在下魯魯目前人在海外 加入了一個海外台灣人武漢肺炎自救會臉書社團 最近美國疫情沒有變好反而越來越嚴重 在社團裡就看到一些幾十年都沒台灣護照的台灣美國人 突然起了孝心？ 想要回來照顧在台灣年邁的雙親， 想要帶在美國出生從來沒拿過台灣護照的孩子們回來看阿公阿嬤 或者是想要認祖歸宗 台灣人小時候移民美國，只有身分證字號沒有護照... 爸爸台灣人媽媽外國人活了29歲，最近突然想拿台灣護照 幹 你就說你怕死想要回台灣就好了 你就說你要用台灣便宜健保等到疫苗出來便宜打一劑再回美國當你美國人 我覺得很正常。 硬是要找一個矯情的藉口 怕死就說怕死，大家反而可以理解。 還有人後悔沒幫女兒申請台灣護照不然隔離就可以跟台灣政府申請補助 幹 你是繳過台灣稅金嗎 這些海外台灣人真的是不要臉到了一個極點。 ,2020/07/16 17:39:58,主文,2,0,1
M.1595045323.A.BF3,[黑特] 印度也加入百萬俱樂部了,lpbrother (LP哥(LP = Love & Peace)),印度的武漢肺炎確診人數破百萬 進入前三名 全球人數 1400 萬 真恐怖 下一個可能就是俄羅斯了 ,2020/07/18 12:08:41,主文,1,1,2
M.1595065485.A.694,[黑特] 在衣櫃裡要怎麼上吊自殺？,deeeplove (想不到ID),幹幹 2020是要失去多少人 太扯了比2019還慘 2020先不講明星們的過世 還多了個武漢肺炎 氣死 柯比、三浦、...這都是完全想不到的人欸操 還有半年要撐 我們 都太難了 大家 堅強 ,2020/07/18 17:44:43,主文,3,0,2
M.1595077847.A.706,[黑特] 戒冰戒涼飲,AnpingTW (阿P),他媽的 這個夏天是的主因是太熱 我每天必吃雪糕或剉冰 沒去買冰時就是一杯500c.c.涼飲 沒有不含糖沒有不含糖沒有不含糖 加上武漢肺炎疫情影響 不外出旅遊或打工 成天窩在家裡或公司吃喝睡 當然飆胖 站上體重計 從五月到現在胖了4公斤 他媽的 肥肉累積真的超級快 為了減肥 我除了戒掉冰品跟涼飲 也要再去打一面勞動一面賺錢的工 真的不能懶 ,2020/07/18 21:10:45,主文,0,0,0
M.1595088371.A.2AE,[夭壽] 治水,aa78216 (寄了回我),講到治水就會想到長江三峽大壩 前幾天在八卦看到一篇治水文， 就會想到古代人為什麼沒有現代的技術 還是能好好的處理水患。 啊現代人就自以爲聰明啊 以爲自己的洨腦袋可以克服一切 殊不知都是有道理的嘛。 看到一篇更好笑的幹。 大陸人口那麼多， 一人吐一口口水就能把台灣淹沒了； 那人口那麼多怎麼不一人吸一口水 把水患治好？ 好啦，這都是幹話 希望武漢肺炎跟水患都能趨緩 地球可不能停擺太久 也希望全世界能夠重新洗牌一下， 但我想應該很難吧 幹，又12點了 還沒發晚點名QUQ ,2020/07/19 00:06:09,主文,1,0,2
M.1595722847.A.E77,[王八] 昨晚恐龍和大象在比相撲,wintersea (辯解唯一死刑),要是民眾知道鐵的駕駛員 心理素質這麼糟 應該覺得搭屍速列車都來的安全 你的噁心漫延整列車廂 全台的車站因為有你經過而汙染腐蝕 空調瀰漫著瘋貪的氣息 比武漢肺炎還毒的病毒在你身上 你最適合永世隔離 不適合與人接觸 ,2020/07/26 08:20:45,主文,0,0,0
M.1595772379.A.BEC,[王八] 幹你中國武漢肺炎,b1233967 (紅龜粿),去年去日本換宿的hostel被武漢肺炎弄倒了 幹 在那邊認識了各國的朋友，甚至是現在的女朋友 說好要再回去找大家玩的...... 那樣的環境、那樣的氣氛 再也回不去了 最後的hostel送別會也是在zoom上面舉行 所有相遇的旅人、小幫手為hostel送行 有歡笑、有淚水 天下無不散的筵席 只是這實在來的又快又突然 眼淚還是停不下來...... 好好珍惜自己所愛的一切吧 然後 幹你中國武漢肺炎 不管 到時候再一個一個國家飛去找大家玩 ,2020/07/26 22:06:13,主文,1,0,0
M.1596292638.A.7ED,[黑特] MLB,Timekeeper (fine),傻眼 最近MLB越來越多球員確診武漢肺炎了 呵呵 可悲的主席 低能成這樣 把一個好好的聯盟搞到現在這個樣子 也是很不簡單 看看人家NBA防疫做得多好 同樣是美國的職業運動 為啥MLB就搞成這樣子? 我看繼續下去也只會更多球隊和球員確診而已 8月的比賽不知道能不能打得完呢 ,2020/08/1 22:37:16,主文,1,0,0
M.1596618883.A.A9D,[黑特] 以後是瘟疫的世界喔,yienjion (wait to be freed.),怎麼辦阿 這個新冠肺炎跟新的病毒 會一直出來 先想想自己還能活多久啦 還八卦勒 ,2020/08/5 17:14:39,主文,1,0,6
