M.1584792226.A.2D8,[黑特] 武漢肺炎專板唯讀了,lpbrother (LP哥(LP = Love & Peace)),傻眼 真的被鬧到唯讀 真的沒辦法正常討論嗎 昨天搶物資的文章也從八卦傳出去 怎不八卦唯讀 補個幹 ,Sat Mar 21 20:03:44 2020,主文,4,0,4
M.1584792226.A.2D8,[黑特] 武漢肺炎專板唯讀了,Friend5566,為啥 有人造謠ㄇ,03/21 20:09,推,4,0,4
M.1584792226.A.2D8,[黑特] 武漢肺炎專板唯讀了,cryy,怎ㄌ,03/21 20:09,推,4,0,4
M.1584792226.A.2D8,[黑特] 武漢肺炎專板唯讀了,trolkin,為神ㄇ會被鬧ㄚ 有懶人包ㄇ,03/21 20:10,→,4,0,4
M.1584792226.A.2D8,[黑特] 武漢肺炎專板唯讀了,rererere147,雙標怪我囉,03/21 20:13,→,4,0,4
M.1584792226.A.2D8,[黑特] 武漢肺炎專板唯讀了,silentknight,覺得版主雙標,03/21 20:18,推,4,0,4
M.1584792226.A.2D8,[黑特] 武漢肺炎專板唯讀了,EEERRIICC,ptt現在根本北七,03/21 20:22,推,4,0,4
M.1584792226.A.2D8,[黑特] 武漢肺炎專板唯讀了,EEERRIICC,一堆自以是的鄉民,03/21 20:22,→,4,0,4
M.1584792226.A.2D8,[黑特] 武漢肺炎專板唯讀了,EEERRIICC,連維持基本看板使用都有難度,03/21 20:23,→,4,0,4
M.1584794003.A.225,Re: [黑特] 武漢肺炎專板唯讀了,silentknight (清純男),: 傻眼 : 真的被鬧到唯讀 : 真的沒辦法正常討論嗎 : 昨天搶物資的文章也從八卦傳出去 : 怎不八卦唯讀 : 補個幹 感覺是某版主雙標 導致很多人不爽 首先是把很多專業醫生的文刪掉 只要跟政府宣導的不同就刪掉 EX.不需要戴口罩 > 某醫師建議戴口罩 這就會被刪掉 還有關於前幾天新北市里長出國 和 之前希臘遊學生回來確診的新聞讓網友獵巫 但是關於張上淳兒子出國的新聞 就用權力刪掉 一開始版主解釋說張上淳兒子出國時 該處並未成為疫區 網友反提出希臘遊學生比張上淳兒子早出國早回來 去時希臘也不是疫區 為什麼允許大家對留學生與里長獵巫 卻刪掉所有關於張上淳兒子的討論 某版主解釋不了 就說他判決有誤就裝死了 後來版友問他一些文章判決方式 某版主也解釋不出來 或是解釋讓人覺得雙標 也無法回答 對於之前亂桶人亂刪文怎處理 版主只說覺得抱歉就潛水了 所以武漢肺炎版就整個爆發了 那邊危險的地方是 如果你覺得某些方式不妥 就會被人打成五毛或是韓粉柯糞 所以其實蠻一言堂的 扣除這點 其實還是有很多資訊的 今晚你選那一個姿勢?? (\ (\ )) )) rz rz rzst /rz /r27\ r27\ =^ 其實那種重要版最好由沒有任何政治色彩的人來當 才不會搞成一言堂 憑感覺桶人刪文 版友問依據哪條板規刪文又講不出來 台灣比支那明民主的是允許不同的聲音出現 而非只能容許一種聲音 PTT整體而言 沒有政黨傾向的應該比 小菸柯糞韓粉多吧 所以在一些事情上才能就事論事 版主要做到 我不贊成你的言論 但我贊成你有發表意見的權利 才是適合的,Sat Mar 21 20:33:20 2020,回文,3,0,3
M.1584794003.A.225,Re: [黑特] 武漢肺炎專板唯讀了,lpbrother,真恐怖，還是待在黑特板安全,03/21 20:40,推,3,0,3
M.1584794003.A.225,Re: [黑特] 武漢肺炎專板唯讀了,trolkin,板主也是小菸菸ㄇ,03/21 20:46,推,3,0,3
M.1584794003.A.225,Re: [黑特] 武漢肺炎專板唯讀了,trolkin,ptt算是很有法治精神ㄌㄅ 因為大家都會發起公民不服從運,03/21 20:58,→,3,0,3
M.1584794003.A.225,Re: [黑特] 武漢肺炎專板唯讀了,trolkin,動鬧版,03/21 20:58,→,3,0,3
M.1584794003.A.225,Re: [黑特] 武漢肺炎專板唯讀了,angel07,最糟糕的是沒有人可以糾正,03/21 20:59,推,3,0,3
M.1584794003.A.225,Re: [黑特] 武漢肺炎專板唯讀了,pippen2002,反正也是沒種的喀?,03/21 21:33,→,3,0,3
M.1584811116.A.7CB,[夭壽] 回老家working from home,ppc (萬燈謝盡 流光不回),走過了許多地方 最喜歡的地方還是老家 台中 只是找不到合適的工作 所以這幾年都在外地漂泊 真沒想到回到老家的願望短暫被武漢肺炎實現了 現在公司關閉全世界的辦公室 希望大家都可以working from home 但回老家也不太敢出門 只能關在家裡工作= =...幹 ,Sun Mar 22 01:18:33 2020,主文,0,0,0
M.1585046372.A.FEC,[超幹] 呼吸急促,aa78216 (寄了回我),自從上禮拜去台南玩回來 上樓都會有呼吸急促 武漢肺炎的類似症狀 度懷疑自己是不是感染了 幹，後來想想可能只是單純太胖了._. ,Tue Mar 24 18:39:30 2020,主文,1,1,2
M.1585046372.A.FEC,[超幹] 呼吸急促,cryy,恩恩,03/24 18:41,噓,1,1,2
M.1585046372.A.FEC,[超幹] 呼吸急促,dreamcomes,87榮浩,03/24 18:49,推,1,1,2
M.1585046372.A.FEC,[超幹] 呼吸急促,cutebaby511,有道理,03/24 18:59,→,1,1,2
M.1585046372.A.FEC,[超幹] 呼吸急促,lien,兩者都有,03/24 19:00,→,1,1,2
M.1585141381.A.2B9,[黑特] 疫情影響最大的行業?,silentknight (清純男),新聞都會報導某某行業因為武漢肺炎影響重大 被點名的有電子業 餐飲服務業 航空業 旅館業 其他行業好像沒有被點名到 那麼大家會為了救經濟 多去台灣玩玩 或是多出去用餐嗎? 幹點是 朋友找吃到飽 說現在優惠很多 但我還在考慮要不要去 今晚你選那一個姿勢?? (\ (\ )) )) rz rz rzst /rz /r27\ r27\ =^ ,Wed Mar 25 21:02:58 2020,主文,1,0,1
M.1585141381.A.2B9,[黑特] 疫情影響最大的行業?,lightbringer,有人找 我就願意出去玩~ 好久沒吃好料,03/25 21:06,推,1,0,1
M.1585141381.A.2B9,[黑特] 疫情影響最大的行業?,lpbrother,電影業,03/25 21:20,→,1,0,1
M.1585142504.A.189,Re: [黑特] 疫情影響最大的行業?,lpbrother (LP哥(LP = Love & Peace)),還有電影業 幾大片商的重量級強片 全都延期上映 現在就更沒人想去看電影了 補個幹 : 新聞都會報導某某行業因為武漢肺炎影響重大 : 被點名的有電子業 餐飲服務業 航空業 旅館業 : 其他行業好像沒有被點名到 : 那麼大家會為了救經濟 多去台灣玩玩 或是多出去用餐嗎? : 幹點是 朋友找吃到飽 說現在優惠很多 但我還在考慮要不要去,Wed Mar 25 21:21:42 2020,回文,0,0,0
M.1585398607.A.AC5,[黑特] 新竹風,angelH0516 (安喬),還真不是蓋的，馬的超冷= = https://i.imgur.com/CWyAYqy.jpg 媽媽的愛心水餃 https://i.imgur.com/dRUlzY7.jpg 想哭QAQ 安喬 廢文 你混哪裡的？我竹市東區的 光復噢？ 城隍廟週圍呀 看吧，城隍廟週圍xDD 靠憋青椒是學店在哪= = 超冷，幹= = 前幾大的欸= = 嗨 89 沒 get 到 我國中時的數理家教就 113 的欸 一小時 1000 好可愛 梅竹賽膩 老師當時讀博士班wwww 因為武漢肺炎嗎 QQ xDDD 我戶籍在東區光復路齁 有啦至少我有及格，哈哈哈哈哈哈 一個月八堂課要噴 9000 QQ 吃完惹 戀愛學分有可以學嗎？xD 所以讀文組沒屁用 我大學去當家教一小時也才 350 QQ 好嗎 老師好善心xDD 真的喝熱湯中 市區（？ 幹笑死 還行倒很多次就是了（ 我大概是 40 到及格wwww （擊掌 這篇到底釣出多少新竹人wwww 身份證 O 開頭的都粗來 湯好喝 ^ 3^ 假新竹人滾 歸籍啊 原來是盟友，尼好尼好 欸還真的是耶哈哈哈哈哈哈哈 歐兔要選版主的話我去參一咖好惹 你全身都壞光光啦你 這是重新整修的動物園？,Sat Mar 28 20:30:05 2020,主文,17,4,30
M.1585398607.A.AC5,[黑特] 新竹風,MadeInChina,妳也4新竹人ㄛ 好巧我也4,03/28 20:31,推,17,4,30
M.1585398607.A.AC5,[黑特] 新竹風,MadeInChina,我混學店的<3,03/28 20:34,推,17,4,30
M.1585398607.A.AC5,[黑特] 新竹風,rererere147,求新竹美食,03/28 20:35,→,17,4,30
M.1585398607.A.AC5,[黑特] 新竹風,sakurainTW,來城隍廟吃燒麻糬暖暖身,03/28 20:35,→,17,4,30
M.1585398607.A.AC5,[黑特] 新竹風,rererere147,MIC 114的 城隍廟我覺得不行,03/28 20:37,→,17,4,30
M.1585398607.A.AC5,[黑特] 新竹風,MiLUu,幹你ㄉ呱洗,03/28 20:39,推,17,4,30
M.1585398607.A.AC5,[黑特] 新竹風,angelgirl13,mic是113ㄉ好嗎！,03/28 20:44,噓,17,4,30
M.1585398607.A.AC5,[黑特] 新竹風,MadeInChina,我114的喇幹。 就學店 不服來戰,03/28 20:46,噓,17,4,30
M.1585398607.A.AC5,[黑特] 新竹風,sagem29,我混竹東8+9,03/28 20:46,→,17,4,30
M.1585398607.A.AC5,[黑特] 新竹風,celtics1997,快幫熊貓補血啊～～～,03/28 20:47,→,17,4,30
M.1585398607.A.AC5,[黑特] 新竹風,angelgirl13,幹 幹嘛讀114 肖想竹教大齁,03/28 20:47,→,17,4,30
M.1585398607.A.AC5,[黑特] 新竹風,MadeInChina,113都肥宅 誰要啊,03/28 20:48,→,17,4,30
M.1585398607.A.AC5,[黑特] 新竹風,angelgirl13,臭婊子閉嘴啦,03/28 20:48,噓,17,4,30
M.1585398607.A.AC5,[黑特] 新竹風,sagem29,114比較好聽啊！不然指揮交通,03/28 20:48,→,17,4,30
M.1585398607.A.AC5,[黑特] 新竹風,celtics1997,https://i.imgur.com/DKlZXu0.jpg,03/28 20:48,→,17,4,30
M.1585398607.A.AC5,[黑特] 新竹風,celtics1997,^Q^,03/28 20:48,→,17,4,30
M.1585398607.A.AC5,[黑特] 新竹風,angelgirl13,好可愛喔,03/28 20:49,→,17,4,30
M.1585398607.A.AC5,[黑特] 新竹風,celtics1997,三月殺清，亡華,03/28 20:49,→,17,4,30
M.1585398607.A.AC5,[黑特] 新竹風,MadeInChina,...你現在還缺家教嗎 我算妳800就好,03/28 20:49,→,17,4,30
M.1585398607.A.AC5,[黑特] 新竹風,angelgirl13,哇塞 收1000 請我 我收500而已,03/28 20:49,→,17,4,30
M.1585398607.A.AC5,[黑特] 新竹風,angelgirl13,mic吃屎啦操,03/28 20:49,→,17,4,30
M.1585398607.A.AC5,[黑特] 新竹風,MadeInChina,幹我收450 不能再低了,03/28 20:49,→,17,4,30
M.1585398607.A.AC5,[黑特] 新竹風,angelgirl13,1000是學校老師基本價碼了欸,03/28 20:50,→,17,4,30
M.1585398607.A.AC5,[黑特] 新竹風,MadeInChina,梅竹停賽了啦幹你娘,03/28 20:50,→,17,4,30
M.1585398607.A.AC5,[黑特] 新竹風,celtics1997,你竟然知道 好臭;(,03/28 20:50,→,17,4,30
M.1585398607.A.AC5,[黑特] 新竹風,sagem29,假新竹人 滾,03/28 20:51,推,17,4,30
M.1585398607.A.AC5,[黑特] 新竹風,MadeInChina,國中請博班家教是要幹嘛 不會教比較好吧= =,03/28 20:51,→,17,4,30
M.1585398607.A.AC5,[黑特] 新竹風,angelgirl13,我覺得教得好比較重要 嘻嘻,03/28 20:52,推,17,4,30
M.1585398607.A.AC5,[黑特] 新竹風,howshaw,(〞┐〝),03/28 20:52,推,17,4,30
M.1585398607.A.AC5,[黑特] 新竹風,MadeInChina,那妳現在需要補什麼基礎科目嗎 我400授課 :)),03/28 20:53,推,17,4,30
M.1585398607.A.AC5,[黑特] 新竹風,angelgirl13,我請過物理家教 時薪也是1000,03/28 20:54,推,17,4,30
M.1585398607.A.AC5,[黑特] 新竹風,MiLUu,我今天去許二姐買鴨翅,03/28 20:55,推,17,4,30
M.1585398607.A.AC5,[黑特] 新竹風,angelgirl13,不過是學校老師 而且我確實進步很多XD,03/28 20:55,→,17,4,30
M.1585398607.A.AC5,[黑特] 新竹風,angelgirl13,而且因為老師跟我很好 友情價1200>1000,03/28 20:55,→,17,4,30
M.1585398607.A.AC5,[黑特] 新竹風,bill0205,今天超冷der,03/28 20:56,→,17,4,30
M.1585398607.A.AC5,[黑特] 新竹風,howshaw,新竹有什麼好逛的嗎,03/28 20:58,推,17,4,30
M.1585398607.A.AC5,[黑特] 新竹風,huntersp,新竹可以逛麥當勞啊,03/28 20:59,推,17,4,30
M.1585398607.A.AC5,[黑特] 新竹風,MadeInChina,唯一巨城,03/28 20:59,推,17,4,30
M.1585398607.A.AC5,[黑特] 新竹風,howshaw,13老斯~~~~~~~~~~~~~~~~~~~~,03/28 21:00,→,17,4,30
M.1585398607.A.AC5,[黑特] 新竹風,angelgirl13,大概是2x>>>8x 的那種進步 嘻嘻,03/28 21:00,→,17,4,30
M.1585398607.A.AC5,[黑特] 新竹風,angelgirl13,我也文組<3,03/28 21:00,→,17,4,30
M.1585398607.A.AC5,[黑特] 新竹風,klarinett,東區+北區前來報到,03/28 21:01,推,17,4,30
M.1585398607.A.AC5,[黑特] 新竹風,ryo923,大聲的哭吧哭吧,03/28 21:02,→,17,4,30
M.1585398607.A.AC5,[黑特] 新竹風,angelgirl13,讚讚<3,03/28 21:02,→,17,4,30
M.1585398607.A.AC5,[黑特] 新竹風,klarinett,我不是O開頭的 我兒子女兒是0.0,03/28 21:04,推,17,4,30
M.1585398607.A.AC5,[黑特] 新竹風,klarinett,好歹我也住了快30年!,03/28 21:06,推,17,4,30
M.1585398607.A.AC5,[黑特] 新竹風,a520018,我O開頭ㄉ,03/28 21:20,噓,17,4,30
M.1585398607.A.AC5,[黑特] 新竹風,riripon,那安橋你可以去申請隔壁板民證嗎 開頭剛好是O2,03/28 21:20,推,17,4,30
M.1585398607.A.AC5,[黑特] 新竹風,windess0823,你的手機鏡頭壞惹,03/28 21:54,推,17,4,30
M.1585398607.A.AC5,[黑特] 新竹風,sk2g,https://i.imgur.com/Qm9DrkY.jpg  今天看了很不怕冷的新竹,03/28 22:12,→,17,4,30
M.1585398607.A.AC5,[黑特] 新竹風,sk2g,人,03/28 22:12,→,17,4,30
M.1585441822.A.C07,Re: [黑特] 下雨天只能開車了,silentknight (清純男),: 雖然高雄雨停了 : 但是要出門還是開車比較保險 : 幹 放假要去哪裡走走? : 還是衝去墾丁一日遊 一日來回好累 墾丁人蠻多的 感覺不到旅遊蕭條啊 不知道是不是因為武漢肺炎的關係 旅客改在國內玩 幹點是 應該過夜的 今晚你選那一個姿勢?? (\ (\ )) )) rz rz rzst /rz /r27\ r27\ =^ ,Sun Mar 29 08:30:19 2020,回文,0,0,1
M.1585441822.A.C07,Re: [黑特] 下雨天只能開車了,cutebaby511,有妞再過夜,03/29 09:40,→,0,0,1
M.1585545090.A.C24,[黑特] 幹,CIA (中央情報局),幹他媽的爛股票 幹死你這隻爛股票 幹他媽的還連賠錢賠X個月 下半年會狂賠錢 馬的幹機掰幹 月份 主力產品/重要事紀 2019年05月02日2019年第1季全球粗鋼產量年增4.5%，台灣首季粗鋼量年增9.1%， 增加幅度為全球平均值的二倍，供給過剩壓力，造成鋼價疲軟不振 2019年07月14日利多風險並存 台塑越南鋼鐵廠擴建陷兩難 2019年08月01日中鋼月餅綠豆椪山藥酥 PTT鄉民激推代購困難 https://reurl.cc/20rGpr https://reurl.cc/yZENxM https://reurl.cc/kdZ6Nn https://reurl.cc/O10N7X 中鋼月餅外表和味道都非常的樸實，雖然比不上許多知名大廠， 但因為用料實在、價格不貴，因此還是有許多人的推薦和搶購。 2019年綠豆椪10顆裝禮盒為NT388 2019年蛋黃酥10顆裝禮盒為NT328 2019年09月08日中鋼為何賣月餅？他咬一口懵了中鋼綠豆椪裡的蛋黃和肉鬆，搭 配得的天衣無縫，簡直是人間美味阿，想再吃一顆 2019年10月06日中鋼輸送帶竄火冒黑煙，大林蒲居民驚恐，被依空汙法罰10萬元 環保局依空汙法開罰新台幣10萬元 2019年10月08日 中鋼轉投資寶固實業董事長邱名璋，民進黨立委邱議瑩另一位弟弟 2019年10月22日下大雨就流牛奶水中鋼 2013 年起，分階段在高雄旗山區農地 塞入99萬公噸的轉爐石，地表水一度超過PH12，引爆高屏飲水危機 2019年10月26日中鋼集團128對新人婚禮 翁朝棟：幸福企業不是自己講 2019年10月31日怕被吃垮 中鋼福委會踢除：中鋼保全、機械、運通、中冠資訊 2019年12月11日中鋼去年下半年粒狀污染物排放第一名，製造的空污導致高屏300 多萬人口都受影響，高市府允訂空污加嚴標準促中鋼改善 2019年12月12日中鋼遭高雄市政府環保局，自民國104年到108年9月間，共8次對中 鋼公司違規裁罰，罰款共新台幣91萬元，含固定污染源、事業廢棄 物等違規處分。 去年第3、4季申報加總排放量中，中鋼是唯一破百萬公斤的粒狀污 染物污染大戶，拿下全國污染企業第一名。 2019年12月16日中鋼投入400億元改善、原料儲存場室內化、第1、第2階煉焦爐 2019年12月25日中鋼回填旗山大林7公頃農地爐渣未清，2年前法院裁定清除仍未清 2020年03月05日中鋼160萬噸/年轉爐石賣給水泥廠製成水泥，蓋成轉爐石屋 2020年03月17日中鋼大馬廠3.18~3.31停工14天，估約2萬噸訂單遞延，損失3.7億 2020年03月25日中龍廢棄物氣冷高爐石、水淬高爐石、脫硫渣、轉爐渣石嚴重超標 ，中市環保局敗訴。賴怡均醫師：廢棄物嚴重傷害小朋友身心健康 2020年03月26日中鋼在高雄旗山大林農地掩埋百萬噸轉爐石，另有疑似百萬噸廢棄 物同在地底汙染地下水，旗山居民組自救會抗議，2017年高雄高等 行政法院判定廢爐渣是廢棄物應清除，藍綠議員要求究責 2020年03月26日高雄旗山農地遭埋中鋼轉爐石 居民：不明粉末及廢棄物一併清除 2020年03月26日東南亞疫起淪陷 中鋼印度、大馬廠暫停生產3星期 2020年03月26日DDP新潮流菊系在中鋼董座安排與蘇系有共識。陳菊擔任高雄市長 近12年，菊系更與中鋼建立深厚情誼， 中鋼人事要過經濟部同意 信心喊話月份 信心喊話內容 2019年07月01日中鋼定調鋼價將在第3季落底，第4季鋼鐵旺季回溫 2019年08月17日中鋼業務副總黃建智：第4季盤價，漲盤的呼聲高 2019年08月20日中鋼董事長翁朝棟首次對鋼價堅定表態：第4季平高盤不可逆 2019年09月17日中鋼副總黃建智：亞洲鋼價跌無可跌，第4季旺季醞釀反彈契機 2019年10月14日中鋼示警：看不到反彈信號。下游客戶觀望，中鋼想多賣鋼材也難 2019年10月14日翁朝棟：全球鋼價明顯往正向發展，有望提振市場交易信心 2019年10月14日翁朝棟：估2020全球鋼材需求可增1.7% 2019年10月29日翁朝棟：鋼市明年Q2可望否極泰來 2019年10月30日中鋼主管：鋼價不可能長期低迷，鋼市醞釀新一波榮景 2019年11月04日翁朝棟：明年第一季鋼價止跌回升，隨後將伴隨一波漲勢至第2季 2019年11月07日中鋼總經理王錫欽：鋼市有觸底反彈跡象，估計明年Q1明顯反彈 2019年11月12日中鋼執行副總黃建智：第4季將會落底，明年上半年鋼市正面發展 2019年11月12日中鋼12日法說會：市場反轉，預期明年上半年營運先蹲後跳 2019年11月18日中鋼執行副總黃建智：明年原料價格下跌，情勢將對鋼廠更有利 2019年11月22日中鋼董事長翁朝棟：鋼價落底後，明年3月反彈 2019年12月06日中鋼董事長翁朝棟：2020年1月鋼價一定會落底，3月會好轉 2019年12月15日翁朝棟：明年Q1盤價逐步回升，看好3月起鋼價可望大幅反彈 2020年01月16日中鋼董座翁朝棟：如果冬天來了，春天還會遠嗎？By英國詩人雪萊 If Winter comes can Spring be farbehind?西風頌 2020年01月17日翁朝棟：對鋼鐵市場審慎樂觀，預期今年鋼價及景氣可望逐步回升 2020年01月30日武漢肺炎影響陸鋼廠供給 中鋼董翁朝棟樂觀：鋼市春燕成群飛來 2020年02月13日中鋼副總黃建智：疫情影響到第1季，仍看好4月後鋼市往正面發展 2020年02月22日中鋼董事長翁朝棟表示鋼價將反彈，56月會有一波補漲行情 2020年03月13日疫情逐漸趨緩，中鋼董座翁朝棟：接下來就要比彎道上的超車能力 2020年03月19日中鋼董事長翁朝棟：紓困應納入大型企業 2020年03月22日中鋼董事長翁朝棟：鋼市Q3將V型反彈，隧道盡頭就是亮光 虧損月份 2019年11月虧損逾 2.93億元 2019年12月虧損擴大淨損10.22億元，比11月之虧損2.93億元加劇248% 2020年 1月虧損擴大淨損12.63億元，EPS0.08，連三月虧損 2020年 2月虧損收斂淨損 7.94億元。今年前2月稅虧損0.13元/股，合計20.57億元 開盤日期 開盤價格 2019年09月16日台塑河靜大降11月熱軋價51美元/噸，中鋼預期已到谷底 7月產銷獎金已經打九折、8月打八折，第4季產銷獎金再雪上加霜 2019年09月27日中鋼10月盤價熱軋底材跌500元/噸，薄損多銷 力抗進口貨 2019年11月22日明年第1季盤價，七大類鋼品全面下修，平均降幅3.03%，為近11季 最大跌勢，大宗底材熱軋大跌近1200元/噸 2019年12月04日鋼市低迷，中鋼員工產銷打4折，預期1112月的獎金可能更低 2019年12月05日中鋼大幅調降明年第1季盤價1000元/噸，優惠金額累計達3億元 2019年12月21日越鋼明年1月熱軋內銷價格大降5060美元/噸，外銷馬來西亞、 菲律賓、印度及印尼等地價格，則下降40美元/噸 2020年03月14日台塑越鋼5月熱軋盤價，跌7.76%達40美元/噸，線材調降7美元/噸 2020年03月20日中鋼5月內銷開低盤，熱軋全面回跌300元/噸 淨利時間 稅前淨利 2019年08月16日中鋼第二季稅後淨利35.72億元、年減45.54% 上半年稅後淨利71.80億，年減35.7% 2019年08月29日中鋼7月合併稅前盈餘11億元、月減25%、年減65.39% 2019年09月11日8月營收比去年同期衰退8.24%，前8月營收比去年同期衰退3.67% 2019年09月19日中鋼8月稅前盈餘，年減66.9%，累計前8月合併稅前盈餘年減37% 2019年10月27日9月合併營收年減14.75%，稅前盈餘較去年同期衰退幅度超過七成 前9月稅前淨利為年減42% 2019年11月11日中鋼10月營收年減24.0%，月減4.3% 2019年11月16日中鋼第三季財報，前三季EPS僅0.6元，較去年同期1.19元近乎腰斬 Q3營收季減4.41%，年減11.72%，稅後淨利年減70.2%，EPS 0.14元 綜觀今年前三季，中鋼獲利跳水近五成，衰退幅度遠高於營收的 7.03%；毛利率也從去年同期的12.26%下滑至8.83% 2019年11月28日中鋼10月稅前盈餘年減86%，稅前EPS 0.03元 前10月稅前盈餘腰斬，年減48%，稅前EPS 0.9元 2019年12月19日中鋼11月轉虧近4年首見，前11月每股稅前EPS 0.87元 中鋼11月營收月減0.1%、年減19.9% 累計前11月營收年減8%、營業利益年減56.4% 營益率4.08%，年減4.5個百分點、稅前盈餘年減 53.8% 2020年03月11日中鋼2月合併營收年減4.23，累計前2月合併營收年減20.74 2020年03月23日連四月虧損，霸氣加發特別股現金1.4元，普通股現金0.5元 ,Mon Mar 30 13:11:28 2020,主文,1,0,1
M.1585545090.A.C24,[黑特] 幹,cutebaby511,菜籃族都還沒哭哭,03/30 13:12,→,1,0,1
M.1585545090.A.C24,[黑特] 幹,dreamcomes,中鋼本來就很爛…,03/30 13:12,推,1,0,1
M.1585564275.A.6D6,剛剛夢到,cryy (台北裴柱現),走到哪然後餘光都會瞄到鬼，有人就跟我說我死了 然後我還夢到我同事得武漢肺炎== 三小 ,Mon Mar 30 18:31:12 2020,主文,3,2,12
M.1585564275.A.6D6,剛剛夢到,therookie,因為綠營很愛看電視 但我跟你講白的 北連中胡,11/28 23:20,→,3,2,12
M.1585564275.A.6D6,剛剛夢到,therookie,現在這時間點帶風向真的沒用了 現實世界的風向早就變了,11/28 23:31,→,3,2,12
M.1585564275.A.6D6,剛剛夢到,therookie,我真的很喜歡那句 退潮之後就知道誰沒穿褲子,11/28 23:32,→,3,2,12
M.1585564275.A.6D6,剛剛夢到,therookie,選舉沒有確定的 但北連中胡贏面大 胡又比連更穩些,11/28 23:33,→,3,2,12
M.1585564275.A.6D6,剛剛夢到,therookie,我是否被黃打臉 你可以不必這麼急 否則很快會被打回來,11/28 23:34,→,3,2,12
M.1585564275.A.6D6,剛剛夢到,therookie,不用多久了 再18個小時就知道誰沒穿褲子,11/28 23:35,→,3,2,12
M.1585564275.A.6D6,剛剛夢到,huntersp,你一定是照到鏡子反射，沒事沒事,03/30 18:31,→,3,2,12
M.1585564275.A.6D6,剛剛夢到,cryy,應該是看到屎屁,03/30 18:32,→,3,2,12
M.1585564275.A.6D6,剛剛夢到,Nick0907,幾等了啦,03/30 18:36,噓,3,2,12
M.1585564275.A.6D6,剛剛夢到,cryy,今天都還沒玩==,03/30 18:39,→,3,2,12
M.1585564275.A.6D6,剛剛夢到,Nick0907,別玩 今天一堆問題幹,03/30 18:40,噓,3,2,12
M.1585564275.A.6D6,剛剛夢到,sakurainTW,同事484很賤,03/30 18:40,→,3,2,12
M.1585564275.A.6D6,剛剛夢到,cryy,沒欸 夢裡的我被嚇到 之後開始擔心我是不是也得了,03/30 19:05,→,3,2,12
M.1585564275.A.6D6,剛剛夢到,sakurainTW,只是夢啦,03/30 19:08,推,3,2,12
M.1585564275.A.6D6,剛剛夢到,win8719,他們被你嚇死了吧,03/30 19:19,推,3,2,12
M.1585564275.A.6D6,剛剛夢到,cutebaby511,尼克叫你別玩自己衝等,03/30 19:39,推,3,2,12
M.1585564275.A.6D6,剛剛夢到,Nick0907,幹 怎麼可能 我不是那種人好嗎,03/30 20:06,→,3,2,12
M.1585597803.A.2F8,[黑特] 幹 同事睡著了,dodo52woman (嘟嘟左右衛門),在醫院上班 但不是醫護人員 至從 武漢肺炎 來了 一些小病 小痛 就來掛急診的 變少了 同事居然閒到睡著 你不醒來 這樣我要怎麼睡 幹 我不想要幾千塊的津貼 拜託給我連休吧 反正這陣子 沒什麼事情 一個人就夠啦 ,Tue Mar 31 03:50:01 2020,主文,1,0,1
M.1585597803.A.2F8,[黑特] 幹 同事睡著了,rererere147,偷拍可愛小護士,03/31 04:06,推,1,0,1
M.1585597803.A.2F8,[黑特] 幹 同事睡著了,dodo52woman,想被護理師踢,03/31 04:15,→,1,0,1
M.1585645534.A.617,[長恨] 因為主管怕死所以我配合,smallmove (小動 ),因為感冒一直沒好 這個月請了病假 又加上武漢肺炎問題 我是旅館業 所以主管很怕死 一直叫我去檢疫 於是我19號再去診所告知醫生 於是轉診 去做檢疫 然後就簽了自主健康管理書 被公司請假14天關在家 等通知 一直到今天也沒打來 我只好自己打去問結果 好不容易才問到是陰性 因為我一直沒接到通知 受不了到今天才又打去問 也問了其他居家 14天公司沒支薪有法補償的問題 結果 沒有居家檢疫書 就無法申請 我只有自主管理通知書 一樣要待在家14天 主管也直接給我請14天 所以14天沒錢 也無法補助 我只想罵髒話 我沒出國 被主管要求檢疫 所以無法上班 也沒薪水 我不知道 我這樣到底為了什麼 關在家14天 自己住 無法出門 沒薪水 只想罵髒話 幹 下個月死定了 Sent from JPTT on my Samsung SMA530F. ,Tue Mar 31 17:05:30 2020,主文,3,0,15
M.1585645534.A.617,[長恨] 因為主管怕死所以我配合,Rrrxddd,幫QQ,03/31 17:06,推,3,0,15
M.1585645534.A.617,[長恨] 因為主管怕死所以我配合,mymicos,幫QQ,03/31 17:07,→,3,0,15
M.1585645534.A.617,[長恨] 因為主管怕死所以我配合,sakurainTW,對啊 如果沒有開單子應該是無法 除非你診斷證明有寫,03/31 17:09,→,3,0,15
M.1585645534.A.617,[長恨] 因為主管怕死所以我配合,sakurainTW,因接到公所電話去醫院住負壓幾天那種還有可能,03/31 17:09,→,3,0,15
M.1585645534.A.617,[長恨] 因為主管怕死所以我配合,sakurainTW,不過你公司應該要給半薪吧（問勞保局還是勞工局看看,03/31 17:10,→,3,0,15
M.1585645534.A.617,[長恨] 因為主管怕死所以我配合,sakurainTW,？這做法對嗎？,03/31 17:10,→,3,0,15
M.1585645534.A.617,[長恨] 因為主管怕死所以我配合,smallmove,主管機關沒打給我通知 還是我自己打去問今天才知 19號,03/31 17:10,→,3,0,15
M.1585645534.A.617,[長恨] 因為主管怕死所以我配合,smallmove,到今天我都要瘋了,03/31 17:11,→,3,0,15
M.1585645534.A.617,[長恨] 因為主管怕死所以我配合,smallmove,勞工局都問了全部推來推去一直轉接到後面結論沒有居家,03/31 17:12,→,3,0,15
M.1585645534.A.617,[長恨] 因為主管怕死所以我配合,smallmove,檢疫單無法補助,03/31 17:12,→,3,0,15
M.1585645534.A.617,[長恨] 因為主管怕死所以我配合,sakurainTW,我做的檢查也沒通知我什麼結果 也是我自己打去問 可,03/31 17:12,→,3,0,15
M.1585645534.A.617,[長恨] 因為主管怕死所以我配合,sakurainTW,能只有接觸確診跟回國負壓 隔離的才是他們第一線關注,03/31 17:12,→,3,0,15
M.1585645534.A.617,[長恨] 因為主管怕死所以我配合,sakurainTW,的人吧,03/31 17:12,→,3,0,15
M.1585645534.A.617,[長恨] 因為主管怕死所以我配合,sakurainTW,唉 跟我一樣了 QAQ,03/31 17:13,→,3,0,15
M.1585645534.A.617,[長恨] 因為主管怕死所以我配合,smallmove,同路人 _(:3」∠ )_,03/31 17:14,→,3,0,15
M.1585645534.A.617,[長恨] 因為主管怕死所以我配合,Fragrantbox,主管鑽漏洞吧 怕死是假的  減少人事成本才是真的,03/31 17:16,推,3,0,15
M.1585645534.A.617,[長恨] 因為主管怕死所以我配合,carrey16,自主管理..出門會被處罰嗎??,03/31 18:30,推,3,0,15
M.1585645534.A.617,[長恨] 因為主管怕死所以我配合,smallmove,一樣會啊沒收到通知前不能外出,03/31 18:53,→,3,0,15
M.1585696933.A.056,[黑特] 馬的愚人節還要上班,LTSC1980 (FUCK2020),馬的愚人節還要上班 馬的中國搞個武漢肺炎 根本不想想過愚人節什麼的 ,Wed Apr  1 07:22:11 2020,主文,0,0,1
M.1585696933.A.056,[黑特] 馬的愚人節還要上班,panther6634,不想過節還嫌要上班 什麼道理,04/01 07:46,→,0,0,1
M.1585744757.A.6A1,自打嘴巴！,ketrktt (爸爸我會想你的~),前陣子武漢肺炎在大陸燒的時候，我寫了篇口罩之亂讓我看到台灣人的自私 結果基本上是被噓爆了 在那時候只要是認為口罩應該出口的人都被冠上舔共的標籤 這些噓我的人基本上都說什麼要先保護自己、政府先替人民著想錯了嗎？之類的話 我那時候就覺得這些話根本在自欺欺人，但我想沒人聽得進去 轉眼間整個疫情擴散到全球 政府捐了不知多少口罩給巴拉圭被嫌少 然後好像還捐了一百萬個口罩要給美國 聽說現在好像要捐一千萬個支助全世界疫情嚴重的地方是吧？ 可笑啊當初不是義正言辭的說什麼要先顧好自己？ 這種話擺明了就是政治意識操作而已， 如果今天是日本肺炎、德國痲疹我們還會這樣做嗎？ 重點是這種話居然還有人會信 台灣人有沒有覺得你們的臉頰熱熱的？ 我覺得捐不捐口罩其實都不是重點，人民不夠用的話當然是國內人民優先，有多的能幫助別人當然更好 最讓我看不過去的是現在的政府什麼事情都要政治操弄(然後還要用冠冕堂皇的話語來掩飾)，我真的覺得很不齒 我只希望台灣人頭腦要清醒一點，每天看那麼多新聞要多一些自己判斷的能力，不要媒體播什麼你就信什麼 : 覺得想來抒發一下自己的感覺 : 最近武漢肺炎的關係，口罩供不應求，政府也明令禁止出口口罩一個月。 : 當然政府的政策一定有他自己的考量，但真正讓我覺得生氣的是，台灣人什麼事情都要泛政治化 : 昨天無意間看了網上一些藝人批評政府的政策，結果底下一堆網民給他們貼上舔共的標籤。 : 所以如果今天我支持口罩持續出口，我就是屬於舔共的人嗎？ : 我也覺得中共長期對我們的政治打壓很可惡，也覺得中共之前限制香港人蒙面現在淪落到全國人民都要戴口罩根本就是現世報 : 但那些得到肺炎的人可都是平民老百姓而不是那些政客啊 : 可恨的是那些政客，但受害的都是人民啊 : 兩種事情我覺得不能混為一談 : 不管政府要不要出口口罩，我覺得都無所謂。但我受不了的是台灣人無法有接納不同意見的雅量。 : 如果今天我跟你的意見不同，我就要被批評成是錯的？ : 在社會上生存久了，多少都會有一些和自己不對盤的人。如果你今天看到一個人在大馬路上被車撞了，倒在路邊爬不起來，但那個人和你有過過節，請問，你要不要幫他？ : 以我自己的觀感，我不求我自己有多少大愛幫他叫救護車送他去醫院，但至少把他拖到路邊不要再被下一輛車碾過吧 : 我覺得這是一個身為人的基本人道 : 至於那些認為禁止口罩出口是為了防疫的人，我個人覺得他們都是在自欺欺人而已。 : 我就這樣問吧：如果今天是爆發東京肺炎，請問你們認為政府禁止口罩出口的政策還是對的嗎？ : 摸著自己的良心，回答這個問題。 : ___________________________________________ : 當然囉哩八嗦了一堆，還是想強調這只是我的個人想法，如果你認同就推，不認同就噓，我都可以接受，只是想知道有多少人跟我的想法一樣而已,Wed Apr  1 20:39:14 2020,主文,6,0,4
M.1585744757.A.6A1,自打嘴巴！,cutebaby511,爸爸想你,04/01 20:40,推,6,0,4
M.1585744757.A.6A1,自打嘴巴！,rererere147,因為現在口罩供應算足夠吧,04/01 20:41,推,6,0,4
M.1585744757.A.6A1,自打嘴巴！,dodo52woman,現在不是因為 口罩生產機組夠了 可以照顧其他地方了,04/01 20:45,推,6,0,4
M.1585744757.A.6A1,自打嘴巴！,dodo52woman,嗎,04/01 20:45,→,6,0,4
M.1585744757.A.6A1,自打嘴巴！,dodo52woman,當初口罩的確供不應求 護理師一天一片 我們非醫護人,04/01 20:47,推,6,0,4
M.1585744757.A.6A1,自打嘴巴！,dodo52woman,員 幾乎都一片撐一個禮拜,04/01 20:47,→,6,0,4
M.1585744757.A.6A1,自打嘴巴！,ketrktt,那這一千萬的口罩有包括中國嗎？,04/01 20:48,→,6,0,4
M.1585744757.A.6A1,自打嘴巴！,dodo52woman,不知道 現在中國嚴重嗎 零確診不是嗎 中國已經做得,04/01 20:50,推,6,0,4
M.1585744757.A.6A1,自打嘴巴！,dodo52woman,很棒了 目前不需要幫忙,04/01 20:50,→,6,0,4
M.1585744757.A.6A1,自打嘴巴！,mymicos,支持香港獨立 \(^_^)/,04/01 20:57,推,6,0,4
M.1585747796.A.47B,Re: 自打嘴巴！,ketrktt (爸爸我會想你的~),by the way ... 如果現在口罩真的夠用的話，那政府為何不把什麼口罩實名制2.03.0取消掉？ 不敢取消只有兩種可能： 1.口罩供應還不是很穩定，需要國家控管 2.政府不相信台灣人民，怕完全開放後會造成瘋狂搶購囤貨 而且，如果口罩真的夠用的話，那就恢復一般正常出口就好啦，為何還要大動作的宣佈說要捐口罩？ 不要以為政府捐這一千萬口罩是在做善事，這些都是政治操弄啊 台灣人醒一醒 : 前陣子武漢肺炎在大陸燒的時候，我寫了篇口罩之亂讓我看到台灣人的自私 : 結果基本上是被噓爆了 : 在那時候只要是認為口罩應該出口的人都被冠上舔共的標籤 : 這些噓我的人基本上都說什麼要先保護自己、政府先替人民著想錯了嗎？之類的 : 話 : 我那時候就覺得這些話根本在自欺欺人，但我想沒人聽得進去 : 轉眼間整個疫情擴散到全球 : 政府捐了不知多少口罩給巴拉圭被嫌少 : 然後好像還捐了一百萬個口罩要給美國 : 聽說現在好像要捐一千萬個支助全世界疫情嚴重的地方是吧？ : 可笑啊當初不是義正言辭的說什麼要先顧好自己？ : 這種話擺明了就是政治意識操作而已， : 如果今天是日本肺炎、德國痲疹我們還會這樣做嗎？ : 重點是這種話居然還有人會信 : 台灣人有沒有覺得你們的臉頰熱熱的？ : 我覺得捐不捐口罩其實都不是重點，人民不夠用的話當然是國內人民優先，有多的能幫助 : 別人當然更好 : 最讓我看不過去的是現在的政府什麼事情都要政治操弄(然後還要用冠冕堂皇的話語來掩 : 飾)，我真的覺得很不齒 : 我只希望台灣人頭腦要清醒一點，每天看那麼多新聞要多一些自己判斷的能力，不要媒體 : 播什麼你就信什麼 : 引述《ketrktt (爸爸我會想你的~)》之銘言： : : 覺得想來抒發一下自己的感覺 : : 最近武漢肺炎的關係，口罩供不應求，政府也明令禁止出口口罩一個月。 : : 當然政府的政策一定有他自己的考量，但真正讓我覺得生氣的是，台灣人什麼事情都要 : 泛政治化 : : 昨天無意間看了網上一些藝人批評政府的政策，結果底下一堆網民給他們貼上舔共的 : 標籤。 : : 所以如果今天我支持口罩持續出口，我就是屬於舔共的人嗎？ : : 我也覺得中共長期對我們的政治打壓很可惡，也覺得中共之前限制香港人蒙面現在淪落 : 到全國人民都要戴口罩根本就是現世報 : : 但那些得到肺炎的人可都是平民老百姓而不是那些政客啊 : : 可恨的是那些政客，但受害的都是人民啊 : : 兩種事情我覺得不能混為一談 : : 不管政府要不要出口口罩，我覺得都無所謂。但我受不了的是台灣人無法有接納不同意 : 見的雅量。 : : 如果今天我跟你的意見不同，我就要被批評成是錯的？ : : 在社會上生存久了，多少都會有一些和自己不對盤的人。如果你今天看到一個人在大馬 : 路上被車撞了，倒在路邊爬不起來，但那個人和你有過過節，請問，你要不要幫他？ : : 以我自己的觀感，我不求我自己有多少大愛幫他叫救護車送他去醫院，但至少把他拖到 : 路邊不要再被下一輛車碾過吧 : : 我覺得這是一個身為人的基本人道 : : 至於那些認為禁止口罩出口是為了防疫的人，我個人覺得他們都是在自欺欺人而已。 : : 我就這樣問吧：如果今天是爆發東京肺炎，請問你們認為政府禁止口罩出口的政策還是 : 對的嗎？ : : 摸著自己的良心，回答這個問題。 : : ___________________________________________ : : 當然囉哩八嗦了一堆，還是想強調這只是我的個人想法，如果你認同就推，不認同就 : 噓，我都可以接受，只是想知道有多少人跟我的想法一樣而已 PTT opia,Wed Apr  1 21:29:53 2020,回文,1,0,1
M.1585747796.A.47B,Re: 自打嘴巴！,dodo52woman,2阿 想想就知道了吧 而且疫情又還沒過去,04/01 21:31,推,1,0,1
M.1585747796.A.47B,Re: 自打嘴巴！,ketrktt,由此可知台灣人的素質…,04/01 21:59,→,1,0,1
M.1585797624.A.FCE,等等要上班,cryy (台北裴柱現),但今天放假而且大學又因為武漢肺炎停課應該很少人敢來 感覺就會閒到發慌 o_o 不知道今天有沒有兩倍薪捏 幹幹 ,Thu Apr  2 11:20:20 2020,主文,6,0,7
M.1585797624.A.FCE,等等要上班,ostrichgun,別怕 大橫木70都沒在怕了,08/16 02:13,→,6,0,7
M.1585797624.A.FCE,等等要上班,rrr518,樓上已死,08/16 02:16,推,6,0,7
M.1585797624.A.FCE,等等要上班,bird1140,有啊  今天紅字欸,04/02 11:22,推,6,0,7
M.1585797624.A.FCE,等等要上班,cryy,國立大學應該會照法規 讚讚,04/02 11:24,→,6,0,7
M.1585797624.A.FCE,等等要上班,rererere147,薪水小偷 賺,04/02 11:34,推,6,0,7
M.1585797624.A.FCE,等等要上班,bird1140,公家機關就差不多那樣啦（菸）偷薪水中,04/02 11:35,推,6,0,7
M.1585797624.A.FCE,等等要上班,cryy,好想自願上四天連假,04/02 11:43,→,6,0,7
M.1585797624.A.FCE,等等要上班,Nick0907,小偷,04/02 11:46,推,6,0,7
M.1585797624.A.FCE,等等要上班,dodo52woman,教授喔 猛喔,04/02 11:46,推,6,0,7
M.1585797624.A.FCE,等等要上班,cryy,我不是教授 囧,04/02 11:47,→,6,0,7
M.1585797624.A.FCE,等等要上班,cryy,爽喇 有錢拿,04/02 11:48,→,6,0,7
M.1585797624.A.FCE,等等要上班,lien,請客喔,04/02 11:55,→,6,0,7
M.1585797624.A.FCE,等等要上班,cryy,沒錢 這個月只有不到五千啦==,04/02 11:55,→,6,0,7
M.1585831762.A.AA1,[黑特] 被試密碼,silentknight (清純男),在八卦版看到有人發文說被試密碼 跟我遇到的一模一樣 都是不知名IP試了3次密碼 後來看推文與回文發現很多網友都一樣 IP來源幾乎都是外國的 幹~是不是用跳板的武漢肺炎 今晚你選那一個姿勢?? (\ (\ )) )) rz rz rzst /rz /r27\ r27\ =^ ,Thu Apr  2 20:49:20 2020,主文,0,1,4
M.1585831762.A.AA1,[黑特] 被試密碼,lpbrother,怎麼會有人試圖試密碼?,04/02 20:53,→,0,1,4
M.1585831762.A.AA1,[黑特] 被試密碼,trolkin,我被支那IP試過 怕,04/02 20:53,→,0,1,4
M.1585831762.A.AA1,[黑特] 被試密碼,trolkin,我猜是垃圾蟑螂缺帳號在盜,04/02 20:53,→,0,1,4
M.1585831762.A.AA1,[黑特] 被試密碼,MadeInChina,我也被試過 ㄍ,04/02 21:03,噓,0,1,4
M.1585831762.A.AA1,[黑特] 被試密碼,dodo52woman,我也被試耶 我的密碼很簡單的說 怎麼還沒試成功,04/02 21:37,→,0,1,4
M.1585989967.A.E24,[黑特] 武漢肺炎 新冠肺炎 不同叫法彼此尊重,silentknight (清純男),叫新冠肺炎的被叫武漢肺炎的罵 叫武漢肺炎的被叫新冠肺炎的罵 台灣是不是越來越不民主啦 想叫武漢肺炎就叫武漢肺炎 想叫新冠肺炎就叫新冠肺炎 為什麼要糾正對方的說法 是不允許對方有不同的叫法嗎? 今晚你選那一個姿勢?? (\ (\ )) )) rz rz rzst /rz /r27\ r27\ =^ 好的叫法 好的叫法 好的叫法 其實大家怎麼叫都好 不要一直糾正別人的叫法 維尼肺炎 支那肺炎 中國肺炎 武漢肺炎 新冠肺炎 彼此尊重 其實在想 強冠別人叫法的人 是不是中國人裝台灣人 好 也可以叫中共病毒歐 大家不管別人怎麼叫都要尊重歐 畢竟台灣不是共產國家 只允許一種叫法 也可以叫武漢P4實驗室病毒,Sat Apr  4 16:46:05 2020,主文,5,0,3
M.1585989967.A.E24,[黑特] 武漢肺炎 新冠肺炎 不同叫法彼此尊重,ninelai,好的支那廢言,04/04 16:53,→,5,0,3
M.1585989967.A.E24,[黑特] 武漢肺炎 新冠肺炎 不同叫法彼此尊重,cryy,好的近平肺炎,04/04 16:54,推,5,0,3
M.1585989967.A.E24,[黑特] 武漢肺炎 新冠肺炎 不同叫法彼此尊重,JC83,好的中國肺炎,04/04 17:00,→,5,0,3
M.1585989967.A.E24,[黑特] 武漢肺炎 新冠肺炎 不同叫法彼此尊重,panther6634,中共病毒,04/04 17:06,推,5,0,3
M.1585989967.A.E24,[黑特] 武漢肺炎 新冠肺炎 不同叫法彼此尊重,MadeInChina,好的中國武漢肺炎病毒,04/04 17:14,→,5,0,3
M.1585989967.A.E24,[黑特] 武漢肺炎 新冠肺炎 不同叫法彼此尊重,dreamcomes,大陸貨病毒,04/04 17:24,推,5,0,3
M.1585989967.A.E24,[黑特] 武漢肺炎 新冠肺炎 不同叫法彼此尊重,q347,山胞,04/04 17:33,推,5,0,3
M.1585989967.A.E24,[黑特] 武漢肺炎 新冠肺炎 不同叫法彼此尊重,huntersp,支那賤畜專用武漢肺炎,04/04 18:45,推,5,0,3
M.1586062582.A.91C,-.-,cryy (台北裴柱現),喉嚨怪怪一直有痰 該不會是武漢肺炎了吧 還是只是單純感冒啊 好可怕. 到底還有沒有人得單純的感冒啊 現在只要有症狀都覺得是武漢肺炎 怕爆 ,Sun Apr  5 12:55:57 2020,主文,7,3,29
M.1586062582.A.91C,-.-,f*hg,好吧！哭歪，你只要推文說「對不起 f*hg」我,36.232.59.84 04/10 10:43,噓,7,3,29
M.1586062582.A.91C,-.-,f*hg,就原諒你,36.232.59.84 04/10 10:43,→,7,3,29
M.1586062582.A.91C,-.-,f*hg,好啦 聽說你要考試了 我就不造成你分心了,36.232.59.84 04/10 11:05,→,7,3,29
M.1586062582.A.91C,-.-,f*hg,本人撤告了 掰掰 不要擔心了  至於我應該是,36.232.59.84 04/10 11:05,→,7,3,29
M.1586062582.A.91C,-.-,f*hg,老蛀蟲沒錯,36.232.59.84 04/10 11:05,→,7,3,29
M.1586062582.A.91C,-.-,aa78216,看有沒有發燒,04/05 13:02,噓,7,3,29
M.1586062582.A.91C,-.-,crystal0100,4,04/05 13:03,推,7,3,29
M.1586062582.A.91C,-.-,cryy,很多都沒發燒的,04/05 13:03,→,7,3,29
M.1586062582.A.91C,-.-,sakurainTW,我怕死,04/05 13:03,→,7,3,29
M.1586062582.A.91C,-.-,win8719,別怕你7月才危險,04/05 13:03,噓,7,3,29
M.1586062582.A.91C,-.-,sakurainTW,對啊幹 我半夜也在想沒發燒有其他症狀到底是還不是,04/05 13:03,→,7,3,29
M.1586062582.A.91C,-.-,aa78216,保重身體,04/05 13:03,→,7,3,29
M.1586062582.A.91C,-.-,Nick0907,保重,04/05 13:04,→,7,3,29
M.1586062582.A.91C,-.-,cryy,我就只有喉嚨有痰而已啊啊啊啊怕,04/05 13:04,→,7,3,29
M.1586062582.A.91C,-.-,Ommmmmm5566,幹 還好你去嘉義沒找我,04/05 13:05,推,7,3,29
M.1586062582.A.91C,-.-,cryy,我還不傳染給你,04/05 13:07,→,7,3,29
M.1586062582.A.91C,-.-,Ommmmmm5566,今天要躲回民雄了 大安區太危險,04/05 13:07,推,7,3,29
M.1586062582.A.91C,-.-,cryy,有錢人都住大安區 唉唉,04/05 13:07,→,7,3,29
M.1586062582.A.91C,-.-,Ommmmmm5566,我家房貸繳不完ㄌ....,04/05 13:08,→,7,3,29
M.1586062582.A.91C,-.-,cryy,把車子賣掉,04/05 13:08,→,7,3,29
M.1586062582.A.91C,-.-,Ommmmmm5566,鳳毛麟角,04/05 13:08,→,7,3,29
M.1586062582.A.91C,-.-,cryy,一定是因為一坪一百萬然後一百坪的緣故,04/05 13:09,→,7,3,29
M.1586062582.A.91C,-.-,Nick0907,看到人多就咳個兩聲 全部躲遠遠 自動讓路 舒服,04/05 13:09,→,7,3,29
M.1586062582.A.91C,-.-,Ommmmmm5566,（亂用成語,04/05 13:09,→,7,3,29
M.1586062582.A.91C,-.-,Ommmmmm5566,30幾坪ㄉ鳥籠 ㄅ像你家有院子,04/05 13:09,→,7,3,29
M.1586062582.A.91C,-.-,cryy,我會被打吧?！,04/05 13:09,→,7,3,29
M.1586062582.A.91C,-.-,cryy,我家的院子也不到兩坪 我家不到三十坪欸==,04/05 13:10,→,7,3,29
M.1586062582.A.91C,-.-,Demihihi,唉 哪像我連假已經看三次終局之戰了,04/05 13:10,推,7,3,29
M.1586062582.A.91C,-.-,Ommmmmm5566,有院子=土豪=暴發戶,04/05 13:11,→,7,3,29
M.1586062582.A.91C,-.-,cryy,幹院子就很小,04/05 13:12,→,7,3,29
M.1586062582.A.91C,-.-,tony31635,隔離起來rrr,04/05 13:12,推,7,3,29
M.1586062582.A.91C,-.-,Ommmmmm5566,有我懶叫小嗎,04/05 13:12,→,7,3,29
M.1586062582.A.91C,-.-,cryy,而且是垃圾文山區 天龍國偏鄉 哪像你天龍國市中心,04/05 13:12,→,7,3,29
M.1586062582.A.91C,-.-,win8719,誰敢打你~壓都被你壓死了,04/05 13:13,推,7,3,29
M.1586062582.A.91C,-.-,cryy,明天要上班ㄟ:),04/05 13:13,→,7,3,29
M.1586062582.A.91C,-.-,Ommmmmm5566,有錢人才往郊區住 看看那些陽明山大戶,04/05 13:13,→,7,3,29
M.1586062582.A.91C,-.-,cryy,我們這邊又不是陽明山那種高級郊區 是貧民窟,04/05 13:15,→,7,3,29
M.1586062582.A.91C,-.-,lien,怕.png,04/05 13:22,→,7,3,29
M.1586062582.A.91C,-.-,cryyy,RIP,04/05 13:30,推,7,3,29
M.1586067002.A.CC0,[黑特]  四天,zxc56021 (你在看我嗎OuO?),平行時空的我們應該在沖繩玩很爽 今天準備依依不捨的回來QuQ 去你媽的武漢肺炎喇 真的很幹 陽光沙灘免稅店呢QQQQQQQQQ 連假從計畫爽玩變成房間大改造 買了床架衣櫥跟桌子 累死人 組到很生氣還要整理衣服跟雜物 花了2天半 幹 剩下的這兩天不知道要衝啥小 哪裡都不能去 不想一直看動漫看劇好膩喔 而且超空虛QnQ 好想玩遊戲 要買森友會主機買不到 我看之後到貨了 人家已經爽玩一個進度惹 剩下我這個邊緣人還在他媽還債 慢慢從0開始 嗚嗚嗚嗚嗚嗚嗚嗚嗚嗚嗚 好想玩森友會哦哦哦哦哦哦QQ 借我玩好嗎OuQ? 幹幹捏OuQ ,Sun Apr  5 14:10:00 2020,主文,6,0,12
M.1586067002.A.CC0,[黑特]  四天,tony31635,嗚嗚插西，我之前的沖繩行也泡湯,04/05 14:14,推,6,0,12
M.1586067002.A.CC0,[黑特]  四天,howshaw,很難說哦 很宅的話可能一下子就進度超前了,04/05 14:15,→,6,0,12
M.1586067002.A.CC0,[黑特]  四天,zxc56021,嗚嗚 垃圾武漢肺炎,04/05 14:16,→,6,0,12
M.1586067002.A.CC0,[黑特]  四天,zxc56021,我拿到可能就會熬夜狂玩吧 可是主機還在預購不知道什麼,04/05 14:16,→,6,0,12
M.1586067002.A.CC0,[黑特]  四天,zxc56021,時候到><,04/05 14:16,→,6,0,12
M.1586067002.A.CC0,[黑特]  四天,howshaw,在趕工了,04/05 14:17,→,6,0,12
M.1586067002.A.CC0,[黑特]  四天,rrr518,機器人不怕肺炎ㄅ,04/05 14:21,推,6,0,12
M.1586067002.A.CC0,[黑特]  四天,zxc56021,機器人怕爆OuO,04/05 14:26,→,6,0,12
M.1586067002.A.CC0,[黑特]  四天,win8719,機器人克制他,04/05 14:35,推,6,0,12
M.1586067002.A.CC0,[黑特]  四天,rererere147,尻尻睡,04/05 14:46,推,6,0,12
M.1586067002.A.CC0,[黑特]  四天,sakurainTW,我也還沒到貨 已經準備當邊緣（已經是了,04/05 15:10,推,6,0,12
M.1586067002.A.CC0,[黑特]  四天,zxc56021,到貨可以考慮一起玩QQ,04/05 15:17,→,6,0,12
M.1586067002.A.CC0,[黑特]  四天,sakurainTW,到了我再上來找你玩lol,04/05 15:23,→,6,0,12
M.1586067002.A.CC0,[黑特]  四天,sakurainTW,妳也是買神腦嗎,04/05 15:24,→,6,0,12
M.1586067002.A.CC0,[黑特]  四天,bill0205,XC~~~~,04/05 15:27,推,6,0,12
M.1586067002.A.CC0,[黑特]  四天,zxc56021,我請台南的朋友幫我訂的 他說那邊排單比較快,04/05 15:30,→,6,0,12
M.1586067002.A.CC0,[黑特]  四天,sakurainTW,居然還有這樣！,04/05 15:31,→,6,0,12
M.1586067002.A.CC0,[黑特]  四天,zxc56021,希望真的比較快,04/05 15:57,→,6,0,12
M.1586085493.A.170,[黑特] 現在進也不行退也不是 幹,king412365 (花落舞紛飛),最近因為這個武漢肺炎 人心惶惶 連帶我們這個行業影響甚大 有些人已經開始放無薪假了 還有少數人是被資遣的 現在我們正常上班的全都是領半薪 在聽到有些許資深同事說 可能撐不過這波 也不知道下一次薪水在哪裡 我聽到都..... 想離職不知道這些錢 是不是還拿得到 再出去找工作 現在這種慘況 又怕空窗期過長 每天都煩惱下一步是??? 幹 現在又因為公司沒人 上班又要改時間 媽媽樂的 肏 到底怎麼辦拉 ,Sun Apr  5 19:18:10 2020,主文,4,0,0
M.1586085493.A.170,[黑特] 現在進也不行退也不是 幹,TzuyuChou117,怪支那,04/05 19:19,推,4,0,0
M.1586085493.A.170,[黑特] 現在進也不行退也不是 幹,lovelydaisy,撐過去！！,04/05 19:31,推,4,0,0
M.1586085493.A.170,[黑特] 現在進也不行退也不是 幹,cutebaby511,進進退退,04/05 19:34,推,4,0,0
M.1586085493.A.170,[黑特] 現在進也不行退也不是 幹,kidd3262,樓上老阿嬤推車？,04/05 20:14,推,4,0,0
M.1586087179.A.C35,[黑特] 張上純 : 肥胖是武漢肺炎重症危險因子,silentknight (清純男),今天的下午新聞 於是我把手邊吃到一半的洋芋片默默的放到冰箱 幹 大家一起從胖胖胖胖男變成正常體重吧 共勉之 決定了 麥當勞報報的大薯買一送一 只要吃一份 另一份給同事吃 目標7天內瘦1公斤 沒瘦的話 黑特版每人發500P 幹~~ 今晚你選那一個姿勢?? (\ (\ )) )) rz rz rzst /rz /r27\ r27\ =^ ,Sun Apr  5 19:46:17 2020,主文,6,0,2
M.1586087179.A.C35,[黑特] 張上純 : 肥胖是武漢肺炎重症危險因子,alan23273850,好 推錢錢 $$$$$,04/05 19:46,推,6,0,2
M.1586087179.A.C35,[黑特] 張上純 : 肥胖是武漢肺炎重症危險因子,lien,蓋,04/05 19:49,推,6,0,2
M.1586087179.A.C35,[黑特] 張上純 : 肥胖是武漢肺炎重症危險因子,aa78216,卡錢,04/05 20:19,→,6,0,2
M.1586087179.A.C35,[黑特] 張上純 : 肥胖是武漢肺炎重症危險因子,inhumanq,好,04/05 20:19,推,6,0,2
M.1586087179.A.C35,[黑特] 張上純 : 肥胖是武漢肺炎重症危險因子,roy0455,https://i.imgur.com/MzzXD6r.jpg,04/05 20:29,推,6,0,2
M.1586087179.A.C35,[黑特] 張上純 : 肥胖是武漢肺炎重症危險因子,mymicos,現在減肥已經來不及了 QQ,04/05 20:44,推,6,0,2
M.1586087179.A.C35,[黑特] 張上純 : 肥胖是武漢肺炎重症危險因子,silentknight,還來的及,04/05 21:19,→,6,0,2
M.1586087179.A.C35,[黑特] 張上純 : 肥胖是武漢肺炎重症危險因子,match123,卡,04/05 22:36,推,6,0,2
M.1586190012.A.845,[夭壽] 這輩子我都不敢出國了,AnpingTW (阿P),今年的清明連假 去年就計畫好要出國賞櫻 結果搞個武漢肺炎 退團時本覺得應該會被扣些手續費 最後一毛不差全還給我 可是這不是重點哇 原來出國後不保證一定能順利回國 他媽的原來行程順利需要福報 我福報一直都很好才會順利 以後我不敢出國了 不然如被關在外國怎麼辦? 悶死了 我的無限卡是為了國外旅遊而辦 每年消費至少要滿40萬 今年沒旅遊刷不滿要年費1萬 連結保險又不能剪卡 幹你娘距離保險期滿還3年 我現在就想剪卡了 當年到底哪根筋不對勁才辦這張 國內回饋0.5%真是笑掉別人大牙 我就是有夠白痴被理專騙去 好想出去旅遊 假日宅在家都快宅出病來 但我又怕死 幹幹幹到底去哪玩才安全? ,Tue Apr  7 00:20:10 2020,主文,1,0,0
M.1586190012.A.845,[夭壽] 這輩子我都不敢出國了,ketrktt,馬達加斯加,04/07 00:32,推,1,0,0
M.1586195243.A.7B2,[黑特] 煩人,pufflight (puff),煩人的武漢肺炎 煩一群不戴口罩擠在一起的渾蛋台灣人 煩你們一群出去找死 我們一家窩在家四天不出門 現在還要因為你們一群渾蛋不敢讓小孩去上課 詛咒你們一群不怕死擠在一起還要人家不准歧視你們的渾蛋出遊人 我就是罵你們這種不戴口罩擠在一起 也不保持安全距離 搞得大家人心惶惶的渾蛋拉 出遊人我不是全都罵啦 看起來都沒人的地方我不罵啦 自己家附近我不罵啦 買菜那些我不罵啦 我詛咒你們一群拿買菜全聯711跟擠在一起出遊比的渾蛋啦 最好是你們不出遊的話也不會去買菜買食物啦 就是增加風險值這麼難懂是啦 買菜逛全聯中標還知道要封那個城市啦 四天跨縣市出遊中標你要封那幾個城啦 硬要增加自己的風險值還自以為大家差不多啦 渾蛋垃圾王八蛋 要死窩在家裡還是去釣魚台基隆嶼禮樂煉銅廠死一死不要嘴賤口水賤的出來害人啦 還有那些死不帶口罩的白痴啦 跑給捷運警察追的智缺啦 法律是最低的道德標準懂不懂啦 不懂身份證撕掉回去十三行文化撿貝殼啦 煩人 ,Tue Apr  7 01:47:21 2020,主文,0,0,0
M.1586225683.A.740,[黑特] 幹,Wolfgang9527 (Madao),幹 英國首相一開始 還說 I AM OK 在家隔離 沒想到 幹... 住院病重 還準備交代下一任了 真的 看到各歐美嚴重國家 真的 幹 新冠病毒 可以說是 戰狼病毒 或是愛國病毒了 幹 人家一天死亡人數 就等於 中國一個月死亡人數 都一千多人啊 換言之 三天抵中國三個月 幹 看到 美國 西班牙 義大利 都在狂噴 美國三十多萬了耶 西跟義也都破十萬大關了耶 (之後說不定還會有... 幹... 不只是外國人 我想連中國人都知道了嘛 數字美化得太過份了 結果呢... 真的... 可能會有人在開玩笑了吧 開什麼玩笑 光看數字 全世界醫學最發達的國家就是中國 歐美國家落後中國不知道多少條大街 哇塞 一開始的未知病毒是在中國爆發 但是呢 死亡與病例相較其他國家 還比較少 (人口還是比其他國家多 而且當時可是在過年吶 超神的 更別說 流行病學專家都說了 國內爆完 還有第二波 什麼意思 境外移入啊 看看台灣 每天都有境外移入病例 台灣很小 人口 可能跟大陸一個大都市一樣嘛 對不對 所以只有 個位數 或是十二十左右的病例 結果呢 中國 境外移入 還有零的 太神了啦 幹 ,Tue Apr  7 10:14:41 2020,主文,0,0,0
M.1586251737.A.874,還是不餓,cryy (台北裴柱現),還是沒胃口 剛運動完更沒胃口 該不會是得武漢肺炎了吧 好可怕 吃貨竟然會沒胃口 ,Tue Apr  7 17:28:33 2020,主文,7,1,12
M.1586251737.A.874,還是不餓,twoKBOy,五樓都光屁屁在山上大學裸奔,12/21 12:12,推,7,1,12
M.1586251737.A.874,還是不餓,twoKBOy,蓋,12/21 12:12,→,7,1,12
M.1586251737.A.874,還是不餓,twoKBOy,蓋蓋,12/21 12:12,→,7,1,12
M.1586251737.A.874,還是不餓,l2202222,眼,12/21 12:12,→,7,1,12
M.1586251737.A.874,還是不餓,twoKBOy,冒險蓋,12/21 12:12,→,7,1,12
M.1586251737.A.874,還是不餓,twoKBOy,....幹0老師 死醜又,12/21 12:12,→,7,1,12
M.1586251737.A.874,還是不餓,rererere147,上班太累,04/07 17:29,推,7,1,12
M.1586251737.A.874,還是不餓,cryy,沒班上QQ,04/07 17:31,→,7,1,12
M.1586251737.A.874,還是不餓,win8719,不要騙我你當我容易被你騙嗎,04/07 17:38,推,7,1,12
M.1586251737.A.874,還是不餓,cryy,我自己都被自己嚇到了好嗎,04/07 17:40,→,7,1,12
M.1586251737.A.874,還是不餓,win8719,是阿你以前可以吃下一頭牛~現在只能半隻了,04/07 17:41,→,7,1,12
M.1586251737.A.874,還是不餓,cryy,不好翹,04/07 17:50,→,7,1,12
M.1586251737.A.874,還是不餓,win8719,我沒跟你開玩笑我好認真的,04/07 17:51,推,7,1,12
M.1586251737.A.874,還是不餓,l2202222,胃壞了 居居,04/07 17:59,推,7,1,12
M.1586251737.A.874,還是不餓,cryy,結果我餓了 耶,04/07 18:05,→,7,1,12
M.1586251737.A.874,還是不餓,huntersp,先自主隔離14天好嗎,04/07 18:07,噓,7,1,12
M.1586251737.A.874,還是不餓,cryy,可是我餓了,04/07 18:10,→,7,1,12
M.1586251737.A.874,還是不餓,win8719,餓啥小~不要吃了~那是幻覺,04/07 18:16,推,7,1,12
M.1586251737.A.874,還是不餓,JC83,蛋仔不要起床,04/07 18:42,推,7,1,12
M.1586251737.A.874,還是不餓,BenWard,好強的病毒一直在突變,04/07 19:28,→,7,1,12
M.1586265652.A.932,[超幹] Switch本周要暫停出貨了,crazyblack22 (馬刺黑兒),幹幹幹... 去你媽的武漢肺炎... 日本宣布進入緊急狀態，導致Switch本周暫停出貨 馬的 還好我之前有搶到 但遊戲還沒買齊阿 ,Tue Apr  7 21:20:50 2020,主文,0,0,5
M.1586265652.A.932,[超幹] Switch本周要暫停出貨了,sakurainTW,出廠都是中國r,04/07 21:22,→,0,0,5
M.1586265652.A.932,[超幹] Switch本周要暫停出貨了,Newtype,拿去賣二手搞不好還能比原價高的神奇switch XD,04/07 21:25,→,0,0,5
M.1586265652.A.932,[超幹] Switch本周要暫停出貨了,sakurainTW,之前一堆lite 五千元現在都賣原價了 本年度最佳金融,04/07 21:27,→,0,0,5
M.1586265652.A.932,[超幹] Switch本周要暫停出貨了,sakurainTW,商品,04/07 21:27,→,0,0,5
M.1586265652.A.932,[超幹] Switch本周要暫停出貨了,Newtype,比股票還好賺,04/07 21:29,→,0,0,5
M.1586303365.A.941,[超幹] ,MiLUu (糞蛆),以前身體差就跑去重訓運動曬太陽 幹你妹現在完全不行 操你的中國武漢肺炎 我好想排掉那些氣QwQ 不舒服QwQ幹你 ,Wed Apr  8 07:49:23 2020,主文,8,0,9
M.1586303365.A.941,[超幹] ,huntersp,還是可以啊,04/08 07:49,推,8,0,9
M.1586303365.A.941,[超幹] ,MiLUu,幹現在每天出入高危地區 我真的很想去運動中心看小哥哥,04/08 07:52,→,8,0,9
M.1586303365.A.941,[超幹] ,huntersp,學我戴口罩練啦，練完趕快洗手洗澡,04/08 07:54,推,8,0,9
M.1586303365.A.941,[超幹] ,MiLUu,幹 會死掉吧,04/08 07:55,→,8,0,9
M.1586303365.A.941,[超幹] ,MiLUu,好煩吶幹,04/08 07:56,→,8,0,9
M.1586303365.A.941,[超幹] ,rererere147,瘋狂做菜啊,04/08 07:58,推,8,0,9
M.1586303365.A.941,[超幹] ,huntersp,沒試過怎麼知道行不行，降重量戴口罩練吧,04/08 07:58,推,8,0,9
M.1586303365.A.941,[超幹] ,l2202222,打ㄆ,04/08 07:58,推,8,0,9
M.1586303365.A.941,[超幹] ,MiLUu,好喇... 不練真的想死：（ 起床都起不來 每天都想怎樣請假,04/08 08:00,→,8,0,9
M.1586303365.A.941,[超幹] ,odahawk,可以在家重訓,04/08 08:00,推,8,0,9
M.1586303365.A.941,[超幹] ,MiLUu,在家空間很小 練起來不爽快== 不然就要做高強度有氧了,04/08 08:02,→,8,0,9
M.1586303365.A.941,[超幹] ,MKAngelheart,鹿抱抱 我已經放棄好一陣子了,04/08 08:09,→,8,0,9
M.1586303365.A.941,[超幹] ,MiLUu,妹妹還好ㄅ 我沒一直follow,04/08 08:13,→,8,0,9
M.1586303365.A.941,[超幹] ,MKAngelheart,手術完還ok,04/08 08:36,→,8,0,9
M.1586303365.A.941,[超幹] ,riripon,去廁所深蹲,04/08 10:21,推,8,0,9
M.1586303365.A.941,[超幹] ,MiLUu,我身敦不太流汗 負重走路才會狂流,04/08 10:31,→,8,0,9
M.1586303365.A.941,[超幹] ,huntersp,因為你深蹲重量不夠吧,04/08 11:53,推,8,0,9
M.1586399971.A.13E,[黑特] 難看,Wolfgang9527 (Madao),黃安指出，武漢解封代表什麼？代表疫情發現最早、最嚴重、甚至被美國大統領拿來抹 黑的武漢解放了武漢解放了，全國就解放了零星的當作是解放後的鋤奸吧，此情 此景怎不令人熱淚盈眶？ 黃安表示，更令人熱淚盈眶的是，過去外國人都認為新冠肺炎是黃種人才會得的病，如今 歐美疫情失控，此刻，中國清涼灌頂，胡人水深火熱他坦言，這樣說難免會被人質疑 幸災樂禍，但他覺得武漢解封如此開心的時刻，就連詩人杜甫都會開心。 最後黃安還直呼：同胞們，咱準備開工啦並大酸灣灣介紹可以用電鍋 蒸口罩，蒸好了可以繼續用，沒事兒。 幹... 難看 什麼意思 2020年1月15日，大陸新型冠狀病毒肺炎肆虐，黃安回台過農曆新年，在微博上寫上小 島上人心已變，又表示從今往後啥也不說，在我心中只有祖國，引起網民討論與反 滲透法的關係。 2020年1月底，黃安出國到杜拜旅遊，不忘批評：奸生於國。 2020年2月7日，黃安仍未回大陸，在臺灣買口罩並評論買不到是自己命不好， 遭質疑怎麼不回去，17日改口沒排隊買口罩。在之前黃安曾稱是春運回家過年，結 果就回不去了，明白嗎？，但截至3月，台灣與中國大陸間未斷航。 懂了吧 嘴巴講的跟實際行為根本相反 同胞們，咱準備開工啦 幹 什麼意思 就是 老子又來賺你們這些SB的RMB了啦 嘴巴講著一套 身體倒是很誠實嘛 一出事馬上落跑 一沒事 馬上熱淚盈眶 感動萬分 接著 就來咱準備開工啦~~~~~~~~~~~ 幹 我就想到 誰 張安樂啊 是不是 總統大選前 每天的報紙頭版的一邊都在PO那個廣告 張安樂說 他願意為了中華民族而死 試問 蔡英文 敢不敢跟他一樣之類的 結果呢 剛好 冠狀病毒來了 全部都惦惦了 那個方倉醫院不是缺人手嗎? 尤其是負責打掃的人員 你兒子不是剛好開旅行社嗎? 統促黨包團去救人啊 不是剛剛好 之前一直宣傳自己願意為了中華民族而死嗎? 中華民族正陷於水深火熱之中啊 對不對 結果呢 全部惦惦 幹 真的... 今天換成他們能在美國賺到美金的話 一個 看到美國狀況好轉 馬上就會 公開宣布 他好感動 他熱淚盈眶啦 另一個呢 願意為了美利堅合眾國而死啦 ,Thu Apr  9 10:39:29 2020,主文,2,0,0
M.1586399971.A.13E,[黑特] 難看,TzuyuChou117,垃圾黃安,04/09 11:18,推,2,0,0
M.1586399971.A.13E,[黑特] 難看,sagem29,哈哈哈,04/09 11:46,推,2,0,0
M.1586403206.A.6BA,[黑特] 梅花座,Timekeeper (fine),現在學校圖書館幾乎都梅花座了 原本只有總圖2~4樓 現在總圖B1和商圖也是了@@ 甚至綜圖直接閉館 唉唉 要在學校找到可以讀書的地方越來越難了 下下禮拜期中考周 估計圖書館會一位難求吧 以前就很難搶到座位了 更何況是梅花座之後 QQ 該死的武漢肺炎 ,Thu Apr  9 11:33:24 2020,主文,3,0,6
M.1586403206.A.6BA,[黑特] 梅花座,TzuyuChou117,社圖很空啊,04/09 11:35,→,3,0,6
M.1586403206.A.6BA,[黑特] 梅花座,dreamcomes,早一點唸書不就好了,04/09 11:36,推,3,0,6
M.1586403206.A.6BA,[黑特] 梅花座,Timekeeper,社圖是啥? 社資中心?,04/09 11:37,→,3,0,6
M.1586403206.A.6BA,[黑特] 梅花座,Timekeeper,對啊 所以我已經開始念了,04/09 11:37,→,3,0,6
M.1586403206.A.6BA,[黑特] 梅花座,huntersp,我只知道蓮花座-///-,04/09 12:15,推,3,0,6
M.1586403206.A.6BA,[黑特] 梅花座,maozz,自習室現在一桌只能坐一個人 連平日都進不去==,04/09 12:22,推,3,0,6
M.1586403206.A.6BA,[黑特] 梅花座,Timekeeper,樓上是說哪裡的自習室0.0,04/09 12:25,→,3,0,6
M.1586403206.A.6BA,[黑特] 梅花座,Workforme,搬到太陽下唸書順便殺菌,04/09 12:25,→,3,0,6
M.1586403206.A.6BA,[黑特] 梅花座,Timekeeper,其實不錯欸 一直很想要在政大後山的大草坪上讀書XD,04/09 12:26,→,3,0,6
M.1586416465.A.CBC,[夭壽] 台師大,Timekeeper (fine),兩例了欸...太可怕了 3/31的時候台師大出現第一例的時候就覺得很抖 尤其他還住在宿舍，不知道接觸了多少舍胞 果然他的室友也遭殃了QQ 可惡的武漢肺炎，可惡的CHO 希望政大可以守住QQ 但我看政大的行政效率我還是不要太期待好了 https://news.ltn.com.tw/news/life/breakingnews/3128094,Thu Apr  9 15:14:23 2020,主文,1,0,0
M.1586416465.A.CBC,[夭壽] 台師大,cryy,師大行政效率也是一等一的爛,04/09 15:16,推,1,0,0
M.1586418428.A.93E,[長恨] 運動會,Timekeeper (fine),結果因為說什麼要防疫武漢肺炎 就取消今年的校慶運動會了ORZ 原本可以放假兩天 要變成正常上課了== 唉唉 好好的兩天假期就這樣子沒了 去你的武漢肺炎和中共 還我運動會和兩天連假喔 更可惡的是 聽說其他學校也都取消運動會了 這樣我就不能嘴政大的行政措施了 == ,Thu Apr  9 15:47:06 2020,主文,0,0,1
M.1586418428.A.93E,[長恨] 運動會,angelgirl13,好想要運動會ㄛ>< 可以看男森ㄉ肉體ㄋ,04/09 15:47,→,0,0,1
M.1586438473.A.A48,[夭壽] 萊爾富,Timekeeper (fine),我們校內商院裡的萊爾富啦 原本他們在店外面有提供一些桌椅 大概可以坐快20個人吧 今天經過發現怎麼所有桌椅都收起來了 果然 問店員他跟我說是為了防疫 要避免群聚感染== 唉唉 該死的武漢肺炎 原本可以買杯飲料坐著滑手機用筆電上網打發時間的好地方也沒了 可憐哪 ,Thu Apr  9 21:21:11 2020,主文,0,0,0
M.1586476916.A.95A,[黑特] 飲料杯封膜,FlynnZhang (●—●),https://i.imgur.com/UCjhoci.jpg 支那武漢肺炎表示： 黑特點就是一直過敏好煩 ,Fri Apr 10 08:01:54 2020,主文,2,0,1
M.1586476916.A.95A,[黑特] 飲料杯封膜,rererere147,沒錢,04/10 08:05,推,2,0,1
M.1586476916.A.95A,[黑特] 飲料杯封膜,FlynnZhang,這也是一個,04/10 08:05,→,2,0,1
M.1586476916.A.95A,[黑特] 飲料杯封膜,panther6634,可愛 哈哈,04/10 08:06,推,2,0,1
M.1586488500.A.56D,[火大] 眼鏡,Timekeeper (fine),靠北啊 戴著口罩再戴眼鏡 眼鏡整個霧成一團 還是是我口罩太爛 不管我怎麼壓鼻樑還是有空隙 吐氣就是會一直往上竄 嘖嘖 不爽 去你的武漢肺炎 ,Fri Apr 10 11:14:58 2020,主文,0,0,2
M.1586488500.A.56D,[火大] 眼鏡,lightbringer,戴隱眼,04/10 11:17,→,0,0,2
M.1586488500.A.56D,[火大] 眼鏡,Timekeeper,沒有考慮隱眼@@,04/10 12:08,→,0,0,2
M.1586693543.A.B7D,[黑特] 誇張的沒品歐巴桑,silentknight (清純男),雖然我知道武漢肺炎人心慌慌 但是搭個電梯 用鑰匙按樓層 然後電梯按鍵上面一堆刮痕 很誇張耶 這樣算破壞公物嗎?? 今晚你選那一個姿勢?? (\ (\ )) )) rz rz rzst /rz /r27\ r27\ =^ ,Sun Apr 12 20:12:21 2020,主文,1,0,3
M.1586693543.A.B7D,[黑特] 誇張的沒品歐巴桑,dreamcomes,我看過有人準備衛生紙才按,04/12 20:13,推,1,0,3
M.1586693543.A.B7D,[黑特] 誇張的沒品歐巴桑,rererere147,我記得這是政府宣導的啊,04/12 20:13,→,1,0,3
M.1586693543.A.B7D,[黑特] 誇張的沒品歐巴桑,lpbrother,多洗手還比較有用,04/12 20:14,→,1,0,3
M.1586693543.A.B7D,[黑特] 誇張的沒品歐巴桑,myluckmcfly,用鑰匙按但手碰到鑰匙還是一樣啊...,04/12 23:21,→,1,0,3
M.1586764460.A.93D,[黑特] ,CFfisher (浮雲似清風),難得跟感情和家人無關的靠北文（？ 我祝妳齁 得武漢肺炎 就算好了肺也爛掉 遇到爛的另一伴被甩被劈腿 結婚被戴綠帽 生小孩很難帶 長大還給妳惹麻煩 祝妳這種人一輩子人生不順遂 上廁所沒衛生紙 吃泡麵沒調味包 沒帶雨傘就下雨 用保險套還會破掉 走路沒事就滑倒 搭捷運搭公車高鐵三小的永遠剛好錯過一班 剪指甲都剪到肉 去外面剪個頭髮剪到耳朵 每天洗澡洗到一半沒有熱水 幹 ,Mon Apr 13 15:54:09 2020,主文,3,0,6
M.1586764460.A.93D,[黑特] ,steven0529,小學時會有人說要烙國中生打人,05/20 12:19,推,3,0,6
M.1586764460.A.93D,[黑特] ,steven0529,國中時會有人說要烙高中生打人...,05/20 12:19,→,3,0,6
M.1586764460.A.93D,[黑特] ,imanikki,可是高中沒人說要烙大學生打人,05/20 12:20,→,3,0,6
M.1586764460.A.93D,[黑特] ,egg9,因為大學生都在打魔獸吃泡麵　　　要烙的話也只會烙賽,05/20 12:22,→,3,0,6
M.1586764460.A.93D,[黑特] ,TurtleGods,"大便完發現廁所沒水,衛生棉破洞匯流湯",04/13 16:04,推,3,0,6
M.1586764460.A.93D,[黑特] ,CFfisher,我喜翻,04/13 16:06,→,3,0,6
M.1586764460.A.93D,[黑特] ,CFfisher,如果用棉條 線還被拉到斷掉用不出來 哼,04/13 16:06,→,3,0,6
M.1586764460.A.93D,[黑特] ,Csir,還有被我喜歡上,04/13 16:29,推,3,0,6
M.1586764460.A.93D,[黑特] ,CFfisher,欸不要這樣！,04/13 16:45,→,3,0,6
M.1586793081.A.939,好想上班！！！！,cryy (台北裴柱現),五月被排二十天班還有一天見紅兩倍薪 希望能順利的上完五月 我想賺錢 垃圾武漢肺炎 還我八千元 by 貓 （） （） ,Mon Apr 13 23:51:17 2020,主文,4,1,26
M.1586793081.A.939,好想上班！！！！,Rrrxddd,哭歪給錢！！！！,04/13 23:51,→,4,1,26
M.1586793081.A.939,好想上班！！！！,cryy,為啥？？？？？？,04/13 23:52,→,4,1,26
M.1586793081.A.939,好想上班！！！！,win8719,哭歪請吃飯,04/13 23:53,推,4,1,26
M.1586793081.A.939,好想上班！！！！,cryy,為啥要請矮醜肥宅吃飯？？？？？？？？？,04/13 23:53,→,4,1,26
M.1586793081.A.939,好想上班！！！！,aa78216,那請我吃飯 我不是城之內,04/13 23:54,噓,4,1,26
M.1586793081.A.939,好想上班！！！！,Callisty,哭歪發紅包,04/13 23:54,推,4,1,26
M.1586793081.A.939,好想上班！！！！,angelgirl13,上班萬歲,04/13 23:54,→,4,1,26
M.1586793081.A.939,好想上班！！！！,cryy,城之內的下巴應該可以幫我ㄉ小森生活鋤田,04/13 23:55,→,4,1,26
M.1586793081.A.939,好想上班！！！！,cryy,我少了八千元還發紅包 沒道理8,04/13 23:55,→,4,1,26
M.1586793081.A.939,好想上班！！！！,aa78216,笑死,04/13 23:55,→,4,1,26
M.1586793081.A.939,好想上班！！！！,cryy,賺錢萬歲,04/13 23:55,→,4,1,26
M.1586793081.A.939,好想上班！！！！,win8719,我怕你在吃下去七月很危險幫你吃點,04/13 23:56,推,4,1,26
M.1586793081.A.939,好想上班！！！！,cryy,我要買狗狗肉,04/13 23:57,→,4,1,26
M.1586793081.A.939,好想上班！！！！,Rrrxddd,有錢人 分！！！,04/13 23:57,→,4,1,26
M.1586793081.A.939,好想上班！！！！,cryy,我領基本薪資ㄟ幹,04/13 23:59,→,4,1,26
M.1586793081.A.939,好想上班！！！！,TzuyuChou117,1234的ㄇ,04/14 00:10,→,4,1,26
M.1586793081.A.939,好想上班！！！！,JC83,蛋仔ㄉ怒吼,04/14 00:13,→,4,1,26
M.1586793081.A.939,好想上班！！！！,TzuyuChou117,嗨熊蛋仔,04/14 00:13,→,4,1,26
M.1586793081.A.939,好想上班！！！！,JC83,嗨斑仔,04/14 00:15,→,4,1,26
M.1586793081.A.939,好想上班！！！！,TzuyuChou117,熊仔可愛,04/14 00:15,→,4,1,26
M.1586793081.A.939,好想上班！！！！,cryy,1234沒機會ㄌ,04/14 00:16,→,4,1,26
M.1586793081.A.939,好想上班！！！！,JC83,跟斑仔一樣,04/14 00:16,→,4,1,26
M.1586793081.A.939,好想上班！！！！,TzuyuChou117,可愛:)),04/14 00:16,→,4,1,26
M.1586793081.A.939,好想上班！！！！,TzuyuChou117,欸欸??! 為啥,04/14 00:16,→,4,1,26
M.1586793081.A.939,好想上班！！！！,l2202222,我帥哥 請我,04/14 00:16,→,4,1,26
M.1586793081.A.939,好想上班！！！！,darkskyaa,爽欸,04/14 00:22,推,4,1,26
M.1586793081.A.939,好想上班！！！！,cryy,我面試的時候說我未來想走產業分析沒有說我到1234想做產業,04/14 00:27,→,4,1,26
M.1586793081.A.939,好想上班！！！！,cryy,分析,04/14 00:27,→,4,1,26
M.1586793081.A.939,好想上班！！！！,cryy,因為1234這個職缺不是做產業分析,04/14 00:27,→,4,1,26
M.1586793081.A.939,好想上班！！！！,cryy,結果面試官最後總結時好像誤以為我來1234是為了學產業分析,04/14 00:27,→,4,1,26
M.1586793081.A.939,好想上班！！！！,cryy,我覺得是這樣啦QQ,04/14 00:27,→,4,1,26
M.1586875149.A.433,"[黑特] Trishula, Dragon of the Ice Barrier",honest5566 (Dark Moon Princess),幹他媽的一定是太久沒被電皮在癢了. 肏你媽的一群不長眼的智障到處亂貼新聞 前陣子是新冠肺炎 今天是隨機殺人 在這之前宣導過N次砍過N次全部都無效. 幹你媽的這和板旨有甚麼關聯 居然還有一堆法盲在那邊顛倒是非胡亂煽惑違規 幹他媽的通通給劣文算了. ,Tue Apr 14 22:39:07 2020,主文,1,0,0
M.1586875149.A.433,"[黑特] Trishula, Dragon of the Ice Barrier",rererere147,劣退啦,04/14 22:40,推,1,0,0
M.1586928102.A.91F,[黑特] 一些人罵我的話,haiduc (小火柴),最近有些人還是在罵我 列舉一些如下 我希望得武漢肺炎 是我的名字 不管做什麼都不對 是我的名字 他這個人很壞，害很多人交不到（女朋友） 這個人真的很混蛋很混蛋 他很壞 沒事跟著別人罵我做什麼 自己努力不夠，或者哪裡能力不行，因而交不到女朋友 然後怪到我頭上 這種人可以去怪台灣女權世界名列前茅 女人能力和意識都抬頭 然後眼界變高了 所以一堆女人看不上台灣男人 然後台男才交不到女朋友 然後要娶外配 因果關係搞不清楚 把帳賴到我頭上幹嘛 搞清楚狀況 不要跟著風向、跟著別人罵我 自己先檢討自己吧 ,Wed Apr 15 13:21:40 2020,主文,0,0,0
M.1587056622.A.2D8,[黑特] 噁心的囤物癖,jenqhau (有你真好),我媽囤物癖，我家很多口罩了，在疫情沒爆發前，我家沒有200也有150個口罩， 因為我爸臥床病人，所以平常有準備很多。我媽還每周去排，說我們的不好用， 新聞上的醫療口罩比較好用。但我家口罩就已經是很好的鴨嘴口罩，我媽就是吵著說 外面的比較好。然後搜刮家裏每個人健保卡，還跟鄰居借健保卡去排隊買，沒借到就說對 方沒愛心。 我媽每天花兩小時買口罩，問題是我家真的不缺啊。每次回來拿出他的戰利品。 我排好久喔腳都快斷了。我回我們家已經很多了你不懂啦，這個看起來 比較好 這幾天我弟實在受不了我媽，就在蝦皮買口罩。他花了700買100片給我媽， 拿去，不要再浪費時間到處排隊了，每次回來又整天說腳酸。100片夠了吧？不夠 我再買。 網路買得到口罩?你想的沒錯，包裝破又髒，甚麼環保裸裝、散裝，阿就是中國 口罩啊。我說疫情沒爆發前，中國口罩我買過50片39。你這個中國口罩賣的比台灣 口罩還貴，黑心商人發災難財，根本沒包裝誰用得下去，而且我們家真的沒有缺口罩啦 。 我又說家裡至少快200個口罩，又不缺，你一直排隊一直買回來又叫腳痠， 吵著說下午沒睡覺。現在弟弟去當盤子買中國爛口罩，還比台灣的貴，你開心了吧? ，我媽說又不花你的錢，我爽，關你什麼事。你說中國口罩爛，你能保證台灣的口罩 就不會偷工減料嗎?。 馬的，遇到瘋子。現在回家靠腰說腳好痠，我都不想理了，回你就是因為 身體太重太肥，腳才會腳痠啦 家裡還有山一樣的泡麵(90幾包)、衛生紙(比康是美門口擺的還多)、米酒(30幾 罐)、酒精、藥品...。 看了就煩。一大堆東西都過期，廚房一堆東西被老鼠咬破，蟑螂四處爬，我清 了一個禮拜。我媽竟然靠腰說，東西找不到，怪到我頭上來。我東西根本都沒移動過 位置啊 最近蟑螂又出來了，我已經不想管了，我媽沒有要整理廚房，她買了三十個 殺蟑堡，放在碗盤、杯子、飲水機旁邊有病嗎?我這幾天還是看到蟑螂啊。 冰箱超髒、超油，一堆過期東西，我趁我爸住院時全部清出來，連板子都全 刷過晾乾。現在過不到半年，傳出酸臭味，我媽把冰箱門打開，用電風扇卡住，吹裡面 ，說讓電風扇吹半小時，把味道吹散。有病嗎? 我回你是不是要煉蠱，培養出比武漢肺炎更強的病毒啊? 我媽生氣的說我是媽媽，你憑什麼，有什麼資格講我，你管真多 馬的，因為我媽愛囤東西，我家買到兩個冰箱，我買一罐牛奶，家裡有兩個冰箱 還沒地方冰。現在我弟說要買一個冰箱自己用了。 真的很噁心，我媽還喜歡跟人說她自己是有潔癖的人，我都快被臭死。 我也想看醫生，死好多腦細胞。 就是這樣每天循環。 我媽有兩個房間放衣服，我稱為老鼠的基地。裡面衣櫃上都老鼠屎，我媽不整理，她的意 思說全部留下來，以後你們看到那些東西可以懷念。可是我從來沒看你穿過啊，也不 用留那麼多，我只要看到老鼠屎跟蟑螂堡會想到你啦。 真的很噁心。我媽身上很臭，我婉轉說快去洗澡，她不洗澡卻去買一罐罐刻意香之類的芳 香劑。 嗯，我就是不理，沒想到我弟去當盤子。一個家裡擁有最少200個非中製口罩的人，花大 錢買中國爛口罩。 所以上來發洩一下嚕。,Fri Apr 17 01:03:39 2020,主文,4,0,2
M.1587056622.A.2D8,[黑特] 噁心的囤物癖,panther6634,囧..要看醫生了吧,04/17 01:05,推,4,0,2
M.1587056622.A.2D8,[黑特] 噁心的囤物癖,mymicos,拍拍...感覺真的慘,04/17 01:08,推,4,0,2
M.1587056622.A.2D8,[黑特] 噁心的囤物癖,touchdowns,應該真的要看醫生了...,04/17 01:13,→,4,0,2
M.1587056622.A.2D8,[黑特] 噁心的囤物癖,howshaw,好扯...,04/17 01:23,推,4,0,2
M.1587056622.A.2D8,[黑特] 噁心的囤物癖,XBOX720,就不要理他 他真的只是排爽哭夭爽的,04/17 01:49,推,4,0,2
M.1587056622.A.2D8,[黑特] 噁心的囤物癖,IsobeRika,看你的敘述都覺得怕，辛苦ㄌQQ,04/17 01:54,→,4,0,2
M.1587059706.A.4AF,Re: [黑特] 噁心的屯物癖,XBOX720 (藍色天堂),: 我媽囤物癖，我家很多口罩了，在疫情沒爆發前，我家沒有200也有150個口罩， : 因為我爸臥床病人，所以平常有準備很多。我媽還每周去排，說我們的不好用， : 新聞上的醫療口罩比較好用。但我家口罩就已經是很好的鴨嘴口罩，我媽就是吵著說 : 外面的比較好。然後自己家每個人健保卡搜刮完，還跟鄰居借健保卡去排隊買。 : 我媽每天花兩小時買口罩，問題是我家真的不缺啊。每次回來拿出他的戰利品。 : 我排好久喔腳都快斷了。我回我們家已經很多了你不懂啦，這個看起來 : 比較好 : 這幾天我弟實在受不了我媽，就在蝦皮買口罩。他花了700買100片給我媽， : 拿去，不要再浪費時間到處排隊了，每次回來又整天說腳酸。100片夠了吧？不夠 : 我再買。 : 網路買得到口罩?你想的沒錯，包裝破又髒，甚麼環保裸裝、散裝，阿就是中國 : 口罩啊。我說疫情沒爆發前，中國口罩我買過50片39。你這個中國口罩賣的比台灣 : 口罩還貴，黑心商人發災難財，根本沒包裝誰用得下去，而且我們家真的沒有缺口罩啦 : 。 : 我講了家裡至少快200個口罩，又不缺，你一直排隊一直買回來又叫腳痠， : 吵者說下午沒睡覺。現在弟弟去當盤子買中國爛口罩，還比台灣的貴，你開心了吧? : ，我媽說又不花你的錢，我爽，關你什麼事。你說中國口罩爛，你能保證台灣的口罩 : 就不會偷工減料嗎?。 : 馬的，遇到瘋子。每次回家靠腰說腳好痠，你就是因為身體太重太肥， : 腳才會痠啦 : 家裡還有山一樣的泡麵(90幾包)、衛生紙(比康是美門口擺的還多)、米酒(30幾 : 罐)、藥品...。 : 看了就煩。一大堆東西都過期，廚房一堆東西被老鼠咬破，蟑螂四處爬，我清 : 了一個禮拜。我媽竟然靠腰說，東西找不到，怪到我頭上來。我東西根本都沒移動過 : 位置啊 : 最近蟑螂又出來了，我已經不想管了，我媽沒有整理廚房，我媽買了三十個 : 殺蟑堡，放在碗盤杯子飲水機旁邊有病嗎?我這幾天還是看到蟑螂啊。 : 冰箱超髒、超油，一堆過期東西，我趁我爸住院時全部清出來，連板子都全 : 刷過晾乾。現在過不到半年，傳出酸臭味，我媽把冰箱門打開，用電風扇卡住，吹裡面 : ，說讓電風扇吹半小時，把味道吹散。有病嗎? : 我回你是不是要煉蠱，培養出比武漢肺炎更強的病毒啊? : 我媽生氣的說我是媽媽，關你什麼事，你管真多 : 馬的，因為我媽愛囤東西，我家買到兩個冰箱，我買一罐牛奶，家裡有兩個冰箱 : 還沒地方冰。現在我要自己買一個冰箱自己用了啦。 : 真的很噁心，我媽還喜歡跟人說她自己是有潔癖的人，我都快被臭死。 有些人就是愛多做又愛哭夭 又沒有人要他做 就愛刷存在感 不理他還會一直來煩你 我對於有病的人都採取無視 跟笨蛋爭論只會降低自己格調啦 幹 ,Fri Apr 17 01:55:04 2020,回文,1,0,8
M.1587059706.A.4AF,Re: [黑特] 噁心的屯物癖,aa78216,我好沒格調這樣 你是在嗆我ㄇ,04/17 01:57,→,1,0,8
M.1587059706.A.4AF,Re: [黑特] 噁心的屯物癖,XBOX720,4 嗆你剛好,04/17 01:59,→,1,0,8
M.1587059706.A.4AF,Re: [黑特] 噁心的屯物癖,aa78216,你火車484幹,04/17 02:00,→,1,0,8
M.1587059706.A.4AF,Re: [黑特] 噁心的屯物癖,XBOX720,我機車 你火車 我追不上你,04/17 02:00,→,1,0,8
M.1587059706.A.4AF,Re: [黑特] 噁心的屯物癖,aa78216,你就菜,04/17 02:01,→,1,0,8
M.1587059706.A.4AF,Re: [黑特] 噁心的屯物癖,XBOX720,你太雞掰,04/17 02:02,→,1,0,8
M.1587059706.A.4AF,Re: [黑特] 噁心的屯物癖,XBOX720,你抬棺材,04/17 02:02,→,1,0,8
M.1587059706.A.4AF,Re: [黑特] 噁心的屯物癖,jenqhau,嘿啊，我一直不理，所以我家還有四年前的泡麵。現在我只,04/17 02:04,推,1,0,8
M.1587059706.A.4AF,Re: [黑特] 噁心的屯物癖,jenqhau,吃我自己買的東西，只是連冰箱的公共空間都沒了，算了。,04/17 02:04,→,1,0,8
M.1587318473.A.C8A,[黑特] 我好累,petodog (摸落黑色),妳到底活在一個怎麼樣的世界裡 妳的價值觀 妳的劇本 妳說的謊 妳所要求的 妳所追求的 讓我活得好痛苦 媽媽 我好累 但我不能也不會當面對妳說 跟妳分享些什麼 妳又會開始哭 遇到無法解決的問題 除了扁我跟搞憂鬱妳還會什麼？ 我已經很努力逃出這個家了 謝謝武漢肺炎 我他媽的現在無法離開台灣 操 趕緊吃藥睡覺吧 憂鬱症真的是不知足吧 失眠也是想太多了 全部都是我們自己的問題 我好累 真的好累 ,Mon Apr 20 01:47:51 2020,主文,1,0,1
M.1587318473.A.C8A,[黑特] 我好累,ketrktt,真痛苦…,04/20 04:02,→,1,0,1
M.1587318473.A.C8A,[黑特] 我好累,mymicos,好辛苦...拍拍.... : '(,04/20 04:06,推,1,0,1
M.1587464412.A.960,[震怒] 彈到屎是低等人類,tmen520 (廢文高手),幹你娘勒 台灣早就在去年年底警告武漢肺炎會人傳人 連email都拿出來證明了 事實就是有，你這死黑鬼低等人類是在該什麼該？ 幹你娘雞掰，我看你根本是你老木跟黑猩猩休幹生的 低等人類...廢渣...幹你娘老雞掰 ,Tue Apr 21 18:20:10 2020,主文,0,0,0
M.1587469672.A.79C,[黑特] 幹，又買剉冰,brella (府城嚴選臭懶趴),幹，這種天氣就是要吃八寶冰 可是感覺賣冰的人員不太衛生，他媽的不會因此 得到武漢肺炎吧？ 幹，先吃完再說 ,Tue Apr 21 19:47:50 2020,主文,4,0,1
M.1587469672.A.79C,[黑特] 幹，又買剉冰,Rrrxddd,不行 好噁,04/21 19:48,推,4,0,1
M.1587469672.A.79C,[黑特] 幹，又買剉冰,rererere147,台南 怕,04/21 19:48,推,4,0,1
M.1587469672.A.79C,[黑特] 幹，又買剉冰,lightbringer,我喜歡加珍珠 仙草凍 粉粿 湯圓,04/21 19:50,推,4,0,1
M.1587469672.A.79C,[黑特] 幹，又買剉冰,brella,我都加紅豆綠豆粉角湯圓芋頭,04/21 20:07,→,4,0,1
M.1587469672.A.79C,[黑特] 幹，又買剉冰,mymicos,想吃花生玉米冰 :'(,04/21 20:24,推,4,0,1
M.1587476742.A.3A0,[黑特] ,mymicos (mymicos),好想出去玩 夏天快點來 武漢肺炎快點滾 有夠煩的煩 ,Tue Apr 21 21:45:40 2020,主文,0,1,1
M.1587476742.A.3A0,[黑特] ,dreamcomes,夏天不要，其他可以,04/21 21:53,噓,0,1,1
M.1587476742.A.3A0,[黑特] ,mymicos,夏天夏天夏天夏天夏天夏天夏天夏天,04/21 21:58,→,0,1,1
M.1587476975.A.7C2,疫情影響工作身上快沒錢了,BboyIllusion (B男孩),安安我逼男孩啦 前陣子辭職之後剛好遇上中國武漢肺炎 各大公司都不怎麼招人 害魯宅我現在身上只剩幾百塊 也沒工作兩個月了 想要好好的活下去，好難 ,Tue Apr 21 21:49:33 2020,主文,2,0,1
M.1587476975.A.7C2,疫情影響工作身上快沒錢了,panther6634,保重..現在當計程車司機還有補助喔,04/21 21:52,→,2,0,1
M.1587476975.A.7C2,疫情影響工作身上快沒錢了,mymicos,https://www.mol.gov.tw/announcement/2099/45347/,04/21 22:42,推,2,0,1
M.1587476975.A.7C2,疫情影響工作身上快沒錢了,mymicos,不要放棄希望，好好活下去,04/21 22:44,推,2,0,1
M.1587550167.A.7B6,[黑特] 同事約跑,silentknight (清純男),辦公室很愛運動的同事 問我有沒有興趣 他要約跑 他說高雄有專業的夜跑群 也有一些地方適合下班後去夜跑 而且在空氣流通的室外夜跑 也比去密閉的健身房安全 怎麼辦 好猶豫呃 因為武漢肺炎一個月沒去健身房了 該不該答應同事的約跑呢? 幹點是 想運動 該運動了 今晚你選那一個姿勢?? (\ (\ )) )) rz rz rzst /rz /r27\ r27\ =^ ,Wed Apr 22 18:09:25 2020,主文,1,0,0
M.1587550167.A.7B6,[黑特] 同事約跑,lovelydaisy,同事正就去啊  幹嘛猶豫,04/22 18:24,推,1,0,0
M.1587565445.A.487,[黑特] 垃圾,oceanfishwu (fish),垃圾家庭， 管委會都貼公告請住戶十點後安靜點避免影響其他人了， 你們自己就是委員是在吵幾點的？ 垃圾 而且搭電梯還不戴口罩， 看不懂中文嗎？ 祝你們全家都得武漢肺炎， 死垃圾 ,Wed Apr 22 22:24:03 2020,主文,0,0,1
M.1587565445.A.487,[黑特] 垃圾,cutebaby511,祝福,04/22 22:24,→,0,0,1
M.1587734951.A.F94,[黑特] 關於支那賤畜的看法?,silentknight (清純男),黑特大民調 關於支那賤畜的看法 A.討厭支那賤畜 B.無感 跟我無關 關於支那賤畜得武漢肺炎 A.希望越多支那賤畜得武漢肺炎越好 B.希望越少支那賤畜得武漢肺炎比較好 C.無感 跟我無關 關於羅先生與前女友周小姐的看法 A.羅先生罪該萬死 出征討伐羅 B.看支那賤畜女周小姐被劈腿就是爽 C.無感 跟我無關 來個黑特民調吧 ,Fri Apr 24 21:29:08 2020,主文,1,0,3
M.1587734951.A.F94,[黑特] 關於支那賤畜的看法?,aa78216,做民調要發錢知道ㄇ？,04/24 21:30,→,1,0,3
M.1587734951.A.F94,[黑特] 關於支那賤畜的看法?,mymicos,要先看支那賤畜的定義是什麼,04/24 21:57,推,1,0,3
M.1587734951.A.F94,[黑特] 關於支那賤畜的看法?,mymicos,第三題是c,04/24 21:57,→,1,0,3
M.1587734951.A.F94,[黑特] 關於支那賤畜的看法?,sakubo,看法就是一堆逮玩覺醒氰黏愛嫌愛酸卻又愛看愛提 哈,06/30 14:15,→,1,0,3
M.1587833688.A.45A,[震怒] 加班,ppc (萬燈謝盡 流光不回),加班加到 有點幹 幹到炸 現在加班費都無法平撫我的幹意了 但現在他馬的武漢肺炎把經濟搞炸 又怕被公司縮編開銷甚至裁員 一邊覺得加班很幹 一邊擔心大蕭條裁員 幹 人生 他馬的矛盾 ,Sun Apr 26 00:54:45 2020,主文,0,0,2
M.1587833688.A.45A,[震怒] 加班,SigmundFreud,打他媽媽，炸他全家,04/26 00:55,→,0,0,2
M.1587833688.A.45A,[震怒] 加班,myluckmcfly,為了生活囉...,04/26 00:59,→,0,0,2
M.1587890176.A.7D1,[黑特] 支那賤畜破麻女,silentknight (清純男),支那賤畜破麻女控制了台灣的言論 恐怖歐 一堆小粉紅過來出征 還好 台灣不想支那 只能容許一種聲音 不然直接送你感染武漢肺炎 ,Sun Apr 26 16:36:13 2020,主文,0,0,0
M.1587970564.A.03E,[煩耶] 異地辦公,crazyblack22 (馬刺黑兒),去你馬的武漢肺炎 突然被通知要換地方辦公 你知道要搬的東西有多少嗎.... 幹幹幹 我有故事 妳有酒嗎?? ,Mon Apr 27 14:56:00 2020,主文,1,0,0
M.1587970564.A.03E,[煩耶] 異地辦公,cutebaby511,你有事故,04/27 15:08,推,1,0,0
M.1588084209.A.25E,[黑特] 我只想要好好活著,miruku550 (呀比),化療了兩年多 還是看不到盡頭 最近換新藥副作用變多 好睏睡不好 整天只能躺在床上 好累好累頭好暈 最近覺得狀況越來越糟了 自己身體自己知道 真的不是我在吹牛 我已經是很樂觀的病人了 很少哭或鑽牛角尖 但是只要稍微講個喪氣話就會被說 心情是最重要的喔 不要沮喪對身體不好喔 還有那種朋友說你以前不是都吃xxx止痛藥 你以前不是都不曬太陽 你太少運動啦 所以這樣就會得癌症嗎？有這麼無知 我身材是怎麼保持的你有看到嗎? 我飲食用品日常習慣起居從小嚴格到不行 止痛藥只是剛好去日本隨手拿的根本沒長期吃 罕見癌症膽管癌懂嗎？ 還有同學問很嚴重嗎？會死嗎？你才腦死吧 還有人說你很好了 沒得武漢肺炎 到底是在哈囉你好嗎 全部封鎖刪除 乾淨 好棒 早點洗澡睡覺 ,Tue Apr 28 22:30:07 2020,主文,5,0,3
M.1588084209.A.25E,[黑特] 我只想要好好活著,aa78216,加油！,04/28 22:31,推,5,0,3
M.1588084209.A.25E,[黑特] 我只想要好好活著,touchdowns,他們是在供三小  欠封鎖欸,04/28 22:31,→,5,0,3
M.1588084209.A.25E,[黑特] 我只想要好好活著,mymicos,拍拍...辛苦了 :'(,04/28 22:33,推,5,0,3
M.1588084209.A.25E,[黑特] 我只想要好好活著,abcd78326,活著 相信就會給自己很大的力量,04/28 22:35,→,5,0,3
M.1588084209.A.25E,[黑特] 我只想要好好活著,IsobeRika,加油嗚嗚抱抱你>///<♡,04/28 22:36,→,5,0,3
M.1588084209.A.25E,[黑特] 我只想要好好活著,touchdowns,原po加油,04/28 22:39,推,5,0,3
M.1588084209.A.25E,[黑特] 我只想要好好活著,klarinett,加油 雖然只能這樣說 希望能給你點力量,04/28 22:43,推,5,0,3
M.1588084209.A.25E,[黑特] 我只想要好好活著,AnpingTW,保重,04/29 05:58,推,5,0,3
M.1588111305.A.A7A,[黑特] 是要不要去打工？,AnpingTW (阿P),五一連假 假日服務的那家公司打電話來 這三天都有案子 如果都去的話還加獎金 三天就可以賺5000元 他媽的以前都沒這麼多錢 現在是發作哪椿？ 武漢肺炎讓我只想在家好好休息 一份工作就很煩了 假日打工還有怪怪千金 雖然每次上班下班都閃著她 但一被逮到講話就會心情壞一晚 還是在家睡比較爽 民調 因為有獎金 你不會想看的哈哈哈，不正,Wed Apr 29 06:01:41 2020,主文,2,0,2
M.1588111305.A.A7A,[黑特] 是要不要去打工？,lovelydaisy,假日打什麼工？,04/29 07:38,推,2,0,2
M.1588111305.A.A7A,[黑特] 是要不要去打工？,lovelydaisy,3天5000元真的不錯,04/29 07:39,→,2,0,2
M.1588111305.A.A7A,[黑特] 是要不要去打工？,ppppppppp,千金圖勒,04/29 08:58,→,2,0,2
M.1588111305.A.A7A,[黑特] 是要不要去打工？,SigmundFreud,打工是不可能打工的，這輩子都不可能打工,04/29 12:05,推,2,0,2
M.1588171892.A.E86,[黑特] 我好恨,mymicos (mymicos),沒有朋友真的很可憐 好想去旅遊 幹 首先我們要有心電感應~ 武漢肺炎 哭哭 hi~濠油 嚶嚶嚶 阿夢我勸你友善 :(,Wed Apr 29 22:51:29 2020,主文,3,0,4
M.1588171892.A.E86,[黑特] 我好恨,littleyuna,我來,04/29 22:52,→,3,0,4
M.1588171892.A.E86,[黑特] 我好恨,bird1140,98++,04/29 22:54,推,3,0,4
M.1588171892.A.E86,[黑特] 我好恨,howshaw,hi~捧油,04/29 22:55,→,3,0,4
M.1588171892.A.E86,[黑特] 我好恨,dreamcomes,老阿姨別亂跑以免變失蹤老人,04/29 22:55,→,3,0,4
M.1588171892.A.E86,[黑特] 我好恨,MKAngelheart,miiiii 來,04/29 23:12,→,3,0,4
M.1588171892.A.E86,[黑特] 我好恨,IsobeRika,我(*’ｰ’*)/,04/30 00:38,推,3,0,4
M.1588171892.A.E86,[黑特] 我好恨,JC83,玫瑰起床,04/30 08:08,推,3,0,4
M.1588317630.A.B9F,[黑特] 考卷,Timekeeper (fine),不太懂欸 教授說什麼因為疫情的關係 所以這次上課先不發期中考卷 ... 有什麼關係嗎 課都照常上了 發個考卷就會感染武漢肺炎嗎...？ 有點無言 會不會只是因為他其實還沒改完考卷 == ,Fri May  1 15:20:28 2020,主文,1,0,1
M.1588317630.A.B9F,[黑特] 考卷,touchdowns,傻眼,05/01 15:52,推,1,0,1
M.1588317630.A.B9F,[黑特] 考卷,Workforme,還沒改完啦,05/01 15:53,→,1,0,1
M.1588408589.A.60B,[黑特] 要命喔,Wolfgang9527 (Madao),幹 https://www.youtube.com/watch?v=MV0J5jZODz8feature=youtu.be https://www.youtube.com/watch?v=yKysc1vfGwfeature=youtu.be 看到鄉民PO 影片 又看到新聞 全國齊心對抗武漢肺炎（COVID19），卻還有不肖業者藉機牟利，大賺防疫財法務部 調查局高雄市調查處調查，位於高雄的知名醫材行益江公司涉嫌在防疫期間囤積及哄抬口 罩價格牟利，不僅如此，該公司還自中國湖北武漢進口不符合過濾效率規定之口罩，數量 高達313多萬片，調查局緊急從訂購客戶追回不合格的口罩共計7800片。 幹 不意外啊 把作口罩 當作作衣服一樣啊 難怪世界各國都退中國貨 看看影片 打工的 不是在什麼無塵室 更別說 大部分 連手套都沒戴 口罩也沒戴 就在那邊 邊做邊聊天 我就想起 台灣古早 家家戶戶手工代工的時代啊 對不對 幹 那些是醫療用品吶 然後我看到 第一個影片2:17左右 沒戴手套 隨手抓 隨手翻 哇塞... 當作百貨公司大拍貨 商品隨你碰 隨你翻嗎 我只能說 幹 太屌了 真的 ,Sat May  2 16:36:27 2020,主文,0,0,0
M.1588604680.A.4DF,[煩耶] 想要只能自己來,Switch1018 (天秤寶寶),最近武漢肺炎好可怕 想要自己在家做一些麵包吃吃看 https://imgur.com/Ej74S3t 不過沒想到自己在家DIY做麵包 但是真的..意外的好辛苦哦 捨不得花錢買攪拌缸或是一大堆材料 所以只好用手慢慢揉麵糰 簡直..乾真的累爆欸 還好成品還...免免強強吧 不然真的是浪費了我不少精神啊 愛吃蔥花不小心灑太多 上1跟大熱狗 好吃 但也好累 嗚嗚 ,Mon May  4 23:04:37 2020,主文,0,0,0
M.1588645945.A.626,[超幹] 房子有夠貴的,adeniss ( ),馬的都武漢肺炎了 沒甚麼人在看房 去看房子每個代銷價格都不知道在硬三小的 幹 買不起房子啦 林北還是去住公園算了 跟顏色講看房狀況 還被發閃 馬的 自己去看 ,Tue May  5 10:32:23 2020,主文,2,0,0
M.1588645945.A.626,[超幹] 房子有夠貴的,gogin,代銷簽約有底價啊  低於底價沒辦法賣,05/05 10:33,推,2,0,0
M.1588645945.A.626,[超幹] 房子有夠貴的,kid1a2b3c4d,持有成本太低的台灣,05/05 11:34,推,2,0,0
M.1588654644.A.34C,[黑特] 有夠熱,EnochJ (渡情),幹 這天氣怎麼這麼可惡 又熱又乾燥又曬 害我動不動飲料就全冰 開電風扇 冷氣開26度 早上起來發現自己鼻腔跟喉嚨好像有痰 幹你娘怕爆 幹我484武漢肺炎惹 幹 媽的都是天氣熱害氣死 ,Tue May  5 12:57:22 2020,主文,0,0,0
M.1588735526.A.3BC,"[超幹] 唐啟陽說的""大事”？",yienjion (壓力無聊地獄),不會到年底結算時，改口說，就是指新冠病毒吧。 還是說，大事”一詞是記者幫她添上的。 去~ ,Wed May  6 11:25:24 2020,主文,0,0,0
M.1588745120.A.F00,[煩耶] 幹你娘 大白天是看到鬼喔…,gkkkkkkkkkkk (從今以後沒有這位濫好人),剛剛 點餐完 開門進去要就坐眼睛撇見有個妹 剛要走進轉角處角落座位 也沒多想什麼 然後剛剛拿餐具時看了一下 幹你娘 角落兩桌六座位都沒有人啊啊啊 想問一下武漢肺炎 會影響視力嗎？ ,Wed May  6 14:05:18 2020,主文,0,0,1
M.1588745120.A.F00,[煩耶] 幹你娘 大白天是看到鬼喔…,Workforme,隔離期間不要亂跑,05/06 14:16,→,0,0,1
M.1588771212.A.B06,[火大] 你摸我就洽,Switch1018 (天秤寶寶),不知道這邊有沒有人是做跟吃有關的工作 因為武漢肺炎疫情關係可以很大聲喝止客人不要用手亂摸食品 尤其豆腐特別容易被摸(想吃就說 每個都摸我真的沒辦法忍受 一定要講才會稍微收斂 心裡只有一字 爽 疫情沒爆發時 拜託客人不要直接用手摸豆腐 還要被說很搖擺 (不然你來賣，我照三餐進去摸你家食品看你爽不爽? 老娘是知道你買豆腐前手到底摸過啥東西嗎 是再摸沙咪啦 氣死 ,Wed May  6 21:20:10 2020,主文,0,0,0
M.1588849140.A.B36,Re: 澄清啟示,aa78216 (寄了回我),拎杯未婚、也沒生小孩 請別常常在推文叫我去帶小孩 或者去餵奶什麼的 還有幹，我非單好嗎 別一直以為我是魯宅 算了...說了你們也不信QUQ 我還是繼續當魯宅 抱歉... 還是可以惱啊 40是真的 阿嬤 診樣 雞腿先還我啊 愛不單行 單身狗 可憐吶 我都自己叫他們簽 別來煩我 511新冠廢言,Thu May  7 18:58:58 2020,回文,10,10,26
M.1588849140.A.B36,Re: 澄清啟示,JingP,原來有人有對象惹 請客！！,05/07 18:59,推,10,10,26
M.1588849140.A.B36,Re: 澄清啟示,aa78216,有人在嗎 我一個人唱著,05/07 19:00,→,10,10,26
M.1588849140.A.B36,Re: 澄清啟示,JingP,有人可以叫嫂子出來打招呼嗎,05/07 19:01,→,10,10,26
M.1588849140.A.B36,Re: 澄清啟示,touchdowns,有人在嗎  我自問也自答,05/07 19:01,推,10,10,26
M.1588849140.A.B36,Re: 澄清啟示,aa78216,@jungP,05/07 19:01,→,10,10,26
M.1588849140.A.B36,Re: 澄清啟示,aa78216,有人在嗎 明明是我們的家,05/07 19:02,→,10,10,26
M.1588849140.A.B36,Re: 澄清啟示,JingP,不是嫂子的話 那可以叫姐夫出來打招呼嗎,05/07 19:02,→,10,10,26
M.1588849140.A.B36,Re: 澄清啟示,touchdowns,為何聽不見你的回答,05/07 19:02,→,10,10,26
M.1588849140.A.B36,Re: 澄清啟示,Rrrxddd,幹 叛徒,05/07 19:03,噓,10,10,26
M.1588849140.A.B36,Re: 澄清啟示,aa78216,@JinqP,05/07 19:03,→,10,10,26
M.1588849140.A.B36,Re: 澄清啟示,aa78216,尼罪愛的角落 便利商店的霓虹,05/07 19:04,→,10,10,26
M.1588849140.A.B36,Re: 澄清啟示,JinqP,三小,05/07 19:04,噓,10,10,26
M.1588849140.A.B36,Re: 澄清啟示,touchdowns,高樓大廈擋住守護我的星座,05/07 19:04,推,10,10,26
M.1588849140.A.B36,Re: 澄清啟示,aa78216,"老婆尼來了╮(￣▽￣"""")╭",05/07 19:05,→,10,10,26
M.1588849140.A.B36,Re: 澄清啟示,rererere147,閃三小,05/07 19:05,推,10,10,26
M.1588849140.A.B36,Re: 澄清啟示,MadeInChina,幹 這樣怎麼當我騎士團,05/07 19:05,噓,10,10,26
M.1588849140.A.B36,Re: 澄清啟示,hotmailding,所以40歲也是假的,05/07 19:05,噓,10,10,26
M.1588849140.A.B36,Re: 澄清啟示,touchdowns,閃p閃,05/07 19:05,→,10,10,26
M.1588849140.A.B36,Re: 澄清啟示,aa78216,當愛寫成了小說 開始就決定結果,05/07 19:06,→,10,10,26
M.1588849140.A.B36,Re: 澄清啟示,JingP,老你阿嬤 叫帥哥弟弟好嗎,05/07 19:06,→,10,10,26
M.1588849140.A.B36,Re: 澄清啟示,cu0920,你看 你又在混淆視聽,05/07 19:07,推,10,10,26
M.1588849140.A.B36,Re: 澄清啟示,touchdowns,多年以後見到泥將擦身而過,05/07 19:08,推,10,10,26
M.1588849140.A.B36,Re: 澄清啟示,mymicos,要閃不閃,05/07 19:08,推,10,10,26
M.1588849140.A.B36,Re: 澄清啟示,hotmailding,噓非單啦 幹,05/07 19:08,噓,10,10,26
M.1588849140.A.B36,Re: 澄清啟示,panther6634,聯絡簿簽了嗎,05/07 19:08,噓,10,10,26
M.1588849140.A.B36,Re: 澄清啟示,aa78216,沙漠裡ㄉ收音機,05/07 19:09,→,10,10,26
M.1588849140.A.B36,Re: 澄清啟示,IsobeRika,哇喔,05/07 19:10,推,10,10,26
M.1588849140.A.B36,Re: 澄清啟示,touchdowns,不要偷渡羅主任的歌,05/07 19:10,噓,10,10,26
M.1588849140.A.B36,Re: 澄清啟示,touchdowns,接收不到我的訊息,05/07 19:11,→,10,10,26
M.1588849140.A.B36,Re: 澄清啟示,aa78216,有人在嗎,05/07 19:11,→,10,10,26
M.1588849140.A.B36,Re: 澄清啟示,touchdowns,我一個人唱著,05/07 19:12,→,10,10,26
M.1588849140.A.B36,Re: 澄清啟示,aa78216,有人在嗎,05/07 19:12,→,10,10,26
M.1588849140.A.B36,Re: 澄清啟示,touchdowns,我自問也自答,05/07 19:12,→,10,10,26
M.1588849140.A.B36,Re: 澄清啟示,aa78216,有人在嗎,05/07 19:13,→,10,10,26
M.1588849140.A.B36,Re: 澄清啟示,IsobeRika,台北的某個地方,05/07 19:13,推,10,10,26
M.1588849140.A.B36,Re: 澄清啟示,win8719,你被511傳染了?,05/07 19:14,噓,10,10,26
M.1588849140.A.B36,Re: 澄清啟示,touchdowns,為何聽不見你的回答,05/07 19:14,推,10,10,26
M.1588849140.A.B36,Re: 澄清啟示,aa78216,為何聽不見你的回答,05/07 19:15,→,10,10,26
M.1588849140.A.B36,Re: 澄清啟示,aa78216,.,05/07 19:15,→,10,10,26
M.1588849140.A.B36,Re: 澄清啟示,touchdowns,撥接膩,05/07 19:15,噓,10,10,26
M.1588849140.A.B36,Re: 澄清啟示,aa78216,明明就差幾秒而已,05/07 19:15,→,10,10,26
M.1588849140.A.B36,Re: 澄清啟示,aa78216,噓屁尼這肥宅,05/07 19:16,→,10,10,26
M.1588849140.A.B36,Re: 澄清啟示,touchdowns,你才肥宅☺,05/07 19:16,→,10,10,26
M.1588849140.A.B36,Re: 澄清啟示,aa78216,....被發現ㄌ,05/07 19:17,→,10,10,26
M.1588849140.A.B36,Re: 澄清啟示,lien,去炒米粉,05/07 19:55,→,10,10,26
M.1588849140.A.B36,Re: 澄清啟示,wanjou0606,幹 叛徒,05/07 20:58,噓,10,10,26
M.1588944440.A.6C4,[超幹] 文盲嗎不懂什麼叫紓困?,AnpingTW (阿P),幹 非常賭爛那些原本就家裡蹲 聽到有一萬元紓困金就去申請 他媽的知道什麼叫紓困? 紓困指的是你原本有工作 但因為武漢肺炎疫情影響 導致沒工作了 所以發一萬元救急 草你媽一堆自稱艱苦人 平時就艱苦國家有社會救濟管道 你這種申請不到 表示有一定財產 幹他的那種領過一次退休金 自願退休的主張自己沒工作 是在靠背三小? 賭爛 機歪 有工作的每天上班都沒補貼了 我的假日打工因為肺炎疫情受影響 我也沒吵著要紓困 一堆本就沒工作的噗龍共 是在騙三小? 幹 ,Fri May  8 21:27:18 2020,主文,1,0,1
M.1588944440.A.6C4,[超幹] 文盲嗎不懂什麼叫紓困?,lpbrother,我OK你先領,05/08 21:30,→,1,0,1
M.1588944440.A.6C4,[超幹] 文盲嗎不懂什麼叫紓困?,O300,刁民,05/08 21:34,推,1,0,1
M.1588990121.A.86D,Fw: [黑特] 刪除業障的方法,starlights (恨~每天幻聽張繼元的聲音),Buddhism 看板 1UjIYY7Q ] 作者: starlights (恨~每天幻聽張繼元的聲音) 看板: Buddhism 標題: Fw: [黑特] 刪除業障的方法 時間: Fri May 8 17:38:41 2020 HatePolitics 看板 1UjIWV7n ] 作者: starlights (恨~每天幻聽張繼元的聲音) 看板: HatePolitics 標題: [黑特] 刪除業障的方法 時間: Fri May 8 17:36:05 2020 達官顯貴們刪除業障的方法 比如說:達官顯貴A殺了一個人B他們到寺裡供了一尊佛 然後B的親朋好友報仇的時候.放鬼詛咒A的時候(或B變成鬼報仇的時候) 寺裡的護法或學密的法師就會把A的業障移到任何他們能控制的人身上 也許是寺僧也許是信徒假設是移到C身上好了 C如果是有道德有修行的僧人B或B親朋好友的詛咒就無法成功而被反彈... C如果是笨笨的信徒就會一直出問題一直出問題也不曉得為什麼還是笨笨的 去寺裡拜拜然後護法或學密的法師有時會處理又移給別人有時又移回C 於是達官顯貴的業障就輕輕鬆鬆DELETE了 我之前不懂這個道理跑去妙通寺然後一下金正恩一下馬英九一下selina 如果是這樣一個國家的殺人魔王就可以永遠無所畏懼的存在.. 那又有什麼天理可言呢??????????? 如果這是達官顯貴對待老百姓的方法 這個世界還能夠期待什麼??? 對佛祖還能期待什麼呢???????????????????????? 幻聽:[starlights和selina換命換完後selina是修行命starlights是被狐狸修理的命] 我的生辰八字2014年給妙通寺的時候我沒有想到會變成這樣.. 那年的幻聽:[換命後張承中可以選舉了~~~] 我還很白癡的相信妙通寺跑去出家 廣欽老和尚真的是聖僧嗎??? https://www.ptt.cc/bbs/HatePolitics/M.1588930591.A.1F1.html 最近的幻聽是:他們把我樓下一台半年沒騎的機車換電瓶...那台機車不知道 為什麼油箱漏油修理要2000元(我己經四年沒工作還要繳國保和健保根本沒錢) 還說我如果拆電瓶來用會爆炸... 然後那些幻聽說:害我的人養蠱神在我家附近使用我的福報在中國賺錢..不知道是 跟我之前待的公司有關還是也和妙通寺有關??? 更重要是我之前有待過24小時網購公司現在我每天想在網路買東西就會聽到他們說 物流我們都認識把你的貨都換成壞的....(我從離職到現在每次網購不良率50%) 之前我要買做乾洗手的那些幻聽還說:[裡面都放毒藥毒死你]... 現在武漢肺炎幻聽又說:[只要你出門就找確診的人去堵你~~] 我上次出門購物在賣場裡遇到幾個年輕人一直在我身邊晃來晃去.. 回家幻聽又說:[那些就是確診的官兵要他們去害你得肺炎] 然後那天晚上我睡覺時鼻子竟然覺得很痛苦然後突然一直不能呼吸.. 後來我爬起來用熱水一直沖鼻子才又比較能呼吸.. 如果害我的行為是真的那些政治人物權高望重的人待我如此處處修理要殺死我 還一天到晚說自己是佛教徒...我真的不知道什麼是好的是壞的..,Sat May  9 10:08:40 2020,主文,3,0,33
M.1588990121.A.86D,Fw: [黑特] 刪除業障的方法,creative88,往昔所造諸惡業，皆由無始貪嗔癡; 從身語意之所生，,05/08 17:57,推,3,0,33
M.1588990121.A.86D,Fw: [黑特] 刪除業障的方法,creative88,一切我今皆懺悔。,05/08 17:58,→,3,0,33
M.1588990121.A.86D,Fw: [黑特] 刪除業障的方法,creative88,我很抱歉 南無阿彌陀佛,05/08 18:02,→,3,0,33
M.1588990121.A.86D,Fw: [黑特] 刪除業障的方法,johnyuko,諸法皆空，因果不空。用造作的心去做惡業，因緣到時還需,05/08 18:11,→,3,0,33
M.1588990121.A.86D,Fw: [黑特] 刪除業障的方法,johnyuko,自受，逃不掉的。「但求自心、莫管他人」，施主您又忘記,05/08 18:11,→,3,0,33
M.1588990121.A.86D,Fw: [黑特] 刪除業障的方法,johnyuko,了，切記、切記，南無阿彌陀佛。,05/08 18:11,→,3,0,33
M.1588990121.A.86D,Fw: [黑特] 刪除業障的方法,creative88,我剛碰佛教的時候 貪嗔癡太重 跟三惡道相應的太厲害,05/08 18:19,→,3,0,33
M.1588990121.A.86D,Fw: [黑特] 刪除業障的方法,creative88,佛菩薩聖號裡面我只有念地藏王菩薩會覺得人比較舒服,05/08 18:20,→,3,0,33
M.1588990121.A.86D,Fw: [黑特] 刪除業障的方法,creative88,金錫震開地獄門，明珠照徹天堂路。南無地藏王菩薩,05/08 18:21,→,3,0,33
M.1588990121.A.86D,Fw: [黑特] 刪除業障的方法,creative88,道理上有稱為冥應 稱佛名號其實就有感應 但是人不一定,05/08 18:47,→,3,0,33
M.1588990121.A.86D,Fw: [黑特] 刪除業障的方法,creative88,感覺的到,05/08 18:47,→,3,0,33
M.1588990121.A.86D,Fw: [黑特] 刪除業障的方法,creative88,地藏本願經講記 聖一法師,05/08 18:54,推,3,0,33
M.1588990121.A.86D,Fw: [黑特] 刪除業障的方法,creative88,https://book.bfnn.org/article/0458.htm,05/08 18:54,→,3,0,33
M.1588990121.A.86D,Fw: [黑特] 刪除業障的方法,johnyuko,地藏王菩薩的悲願真的是相當的偉大，南無大願地藏王菩薩,05/08 19:00,→,3,0,33
M.1588990121.A.86D,Fw: [黑特] 刪除業障的方法,johnyuko,摩訶薩。,05/08 19:00,→,3,0,33
M.1588990121.A.86D,Fw: [黑特] 刪除業障的方法,luciful3,南無阿彌陀佛,05/08 21:00,→,3,0,33
M.1588990121.A.86D,Fw: [黑特] 刪除業障的方法,luciful3,這狐狸道行也太高了吧~,05/08 21:02,→,3,0,33
M.1588990121.A.86D,Fw: [黑特] 刪除業障的方法,luciful3,感覺是幫人擔業障~,05/08 21:18,→,3,0,33
M.1588990121.A.86D,Fw: [黑特] 刪除業障的方法,luciful3,多讀了凡四訓,05/08 22:03,→,3,0,33
M.1588990121.A.86D,Fw: [黑特] 刪除業障的方法,Bonaqua,"很煩就默念 ""嗡阿彌德瓦舍""。",05/09 00:22,→,3,0,33
M.1588990121.A.86D,Fw: [黑特] 刪除業障的方法,Bonaqua,不用特別想什麼意思，單純念聽聲音就好，心安用的。,05/09 00:24,→,3,0,33
M.1588990121.A.86D,Fw: [黑特] 刪除業障的方法,Bonaqua,不要管佛、不要想人、念出聲，聽清楚，心能平靜就好。,05/09 00:26,→,3,0,33
M.1588990121.A.86D,Fw: [黑特] 刪除業障的方法,Bonaqua,用這六個字音，把腦中金正恩、馬英九、selina打掉。,05/09 00:28,→,3,0,33
M.1588990121.A.86D,Fw: [黑特] 刪除業障的方法,starlights,"我可以一直感覺一隻狐狸在我身上,那隻狐狸很像我在妙",05/09 09:24,→,3,0,33
M.1588990121.A.86D,Fw: [黑特] 刪除業障的方法,starlights,"通寺看到的一個老和尚,好像是他們妙通寺通靈的神明...",05/09 09:24,→,3,0,33
M.1588990121.A.86D,Fw: [黑特] 刪除業障的方法,starlights,"常會傳送一些明星,政治人物的事給我,也會傳妙通寺的事",05/09 09:24,→,3,0,33
M.1588990121.A.86D,Fw: [黑特] 刪除業障的方法,starlights,"給我...我去采狄上班時,感覺中皖被打入十幾個狐狸的丹",05/09 09:25,→,3,0,33
M.1588990121.A.86D,Fw: [黑特] 刪除業障的方法,starlights,"去采狄上班前,我還曾去妙通寺放焰口,為什麼我那麼相信",05/09 09:26,→,3,0,33
M.1588990121.A.86D,Fw: [黑特] 刪除業障的方法,starlights,"那間,結果會這樣???一開始聞到的精子味,就是那個老和",05/09 09:26,→,3,0,33
M.1588990121.A.86D,Fw: [黑特] 刪除業障的方法,starlights,"尚的味道+很濃的精子...我在妙通寺,那老和尚每天都坐",05/09 09:27,→,3,0,33
M.1588990121.A.86D,Fw: [黑特] 刪除業障的方法,starlights,我旁邊隔一個座位的位子...那時候聞到他的味道只覺得,05/09 09:27,→,3,0,33
M.1588990121.A.86D,Fw: [黑特] 刪除業障的方法,starlights,"肥皂的味道怎麼這麼重,結果,我從妙通寺回來一年,竟然",05/09 09:28,→,3,0,33
M.1588990121.A.86D,Fw: [黑特] 刪除業障的方法,starlights,"天天聞他的體味+精子味,聞1~2年後才又換成一些外國人",05/09 09:29,→,3,0,33
M.1588990121.A.86D,Fw: [黑特] 刪除業障的方法,starlights,還不知道誰的精子味...我真的很討厭張菲和張承中,05/09 09:29,→,3,0,33
M.1588990121.A.86D,Fw: [黑特] 刪除業障的方法,creative88,有沒有求什麼?,05/09 09:44,推,3,0,33
M.1588990121.A.86D,Fw: [黑特] 刪除業障的方法,starlights,我沒有求什麼啊..,05/09 09:57,→,3,0,33
M.1589001821.A.44D,[王八] 工業之母,Switch1018 (天秤寶寶),嗚嗚 我本身因為工作的關係也會接觸到酒精販賣的相關詢問 沒想到..前幾天來了自稱工業之母的客人 聽起來是不是很厲害呀?(暈 以下當天令人無言的對話過程: 客人：...喂小姐你好，請問你們有賣95%的酒精嗎？ 我：嗯..不好意思餒，因為目前武漢肺炎疫情的關係目前只有生產75%的， 這樣子一來你們回去也不用再去做稀釋的動作就可以直接使用了喔 客人：我們是你們這裡OOXX啦，就是你們隔壁的鄰居就在附近的%%路上面而已， 可以幫我外送酒精嗎？ 我：呃..嗯...這可能要麻煩您親自過來跑一趟耶 我們這邊最近人手比較吃緊無法再幫您做外送的動作喔 那麼..請問您需要的這個量大約是多少呢？ 客人：哦..來我告訴妳哦，我們的公司啊， 可是“工業之母”喔（再三強調），哈哈， 很厲害的，妳做這一行一定有聽過吧？(抱歉真的沒聽過欸，那是沙咪碗糕 我們公司啊..只要擦拭機器就是必須要用到95%濃度的酒精 ... 妳幫我留..妳能幫我留一箱嗎？我電話給妳幫我留，記得幫我留蛤~ 我：(突然一把火燒上來) 工業之母先生，不好意思，剛剛已經有先跟您解釋過， 我們目前並沒有95%濃度的酒精唷~ 所以現在就是沒有95%酒精，請問您要我去哪裡生給您呢QQ 如果要其他濃度的，那麼...抱歉現在最多就只能給一箱了喲~~ 客人：哦~那麼，妳們上班時間呢？ 我：嗯...9~17唷，超過時間就抱歉了不好意思捏~ 客人：欸欸欸欸，可是妳下班我也下班了啊(請問是乾我屁股事情呢哈囉？ 啊妳們能不能等我一下啊蛤？ 一下下而已買個酒精不會花妳們多少時間喇蛤~ 我：哦...那麼，請問您要不要付我加班費呀？ 您可以中午休息時間過來呀， 您不是說您這個工業之母就在我們隔壁而已XX路不是嗎~~~？ 這樣不就買得到了？ 您也不用下班買，我們也不用加班賣，這樣子做不是很好嗎？ 客人：耶？可是中午超熱的耶喔，這麼熱在外面跑來跑去會中暑的啦~吼唷~ 就不能稍微體諒我們一下嗎？後~ 我：嗯...可是我看這邊附近上班有需要買的都是利用午休時間過來買呀， 我們中午沒午休喔~直接來就可以買到了不用下班特地再跑一趟囉~ 客人：這樣喔......那..那妳幫我留一箱好嗎？ 我們可是工業之母，很重要的哦~一定要記得留一箱給我嘿~ 我：嗯可以啊，會先留一箱，看您都問這麼久了應該是真的有要買 反正要買酒精本來就很多地方可以買，我們這邊也沒這麼快就清空啦~ 之後結束對話 然後那一天也過去了 But重點來了 她根本就沒來 根本就沒來 根本就沒來啊啊啊啊啊啊 本來因為疫情受影響一堆想吃的店都沒開 已經夠不爽了還給我亂，真的有病484啊 沒有要買會問這麼多？？？？ 啊就酒精嘛~要買就買，不買那也就算了， 這樣也可以盧這麼久然後放鳥真的氣死 乾咧，去他們娘親的工業之母咧 什麼工業之母勒我要的是拯救地球人 地球人比較重要啦 工業之母好偉大好棒棒喔 打完這篇自己都想笑XD 真的有病欸他XDDD 已經分不清楚要生氣還是要笑了 呼~手好痠 ,Sat May  9 13:23:38 2020,主文,2,0,1
M.1589001821.A.44D,[王八] 工業之母,fengyu118,我以為工業之母是硫酸,05/09 13:25,推,2,0,1
M.1589001821.A.44D,[王八] 工業之母,SigmundFreud,喔喔，工業之母小姐...可以幫我把75%酒精蒸餾成95%,05/09 13:25,推,2,0,1
M.1589001821.A.44D,[王八] 工業之母,SigmundFreud,嗎？,05/09 13:25,→,2,0,1
M.1589187339.A.796,[王八] 插進來,Switch1018 (天秤寶寶),乾~氣死耶 現在保持社交距離都是笨蛋麻瓜就對了?? https://imgur.com/es75MBE 這樣是我距離太遠嗎? 前面黑色衣服男生才剛剛往前面走過沒多久 這位小姐馬上插進來是怎樣啊= = 看不出來我排隊嗎~還是我站的太遠 突然想到之前朋友跟我講的 她每次都我排隊只要遇到這種 因為有保持距離但是反而被硬插進來的人 都會很大聲的跟我說: 妳看，被插隊了吧?都是妳要保持社交距離才會被插隊， 妳直接貼很近把武漢肺炎傳給前面的不就好了嗎? 通常插隊的聽到都會自動去另一邊排隊XD 真的傻眼...這裡也不是沒空間可以排 真的不懂為什麼那麼喜歡跟前後的人貼緊緊的耶 我很怕被傳染得病啦~拜託不要這樣子好不好 也還好這一次店員有注意到 要是假裝沒看到插隊的話 那我大概也就不會再來這邊惹QQ 氣耶 ,Mon May 11 16:55:36 2020,主文,1,0,0
M.1589187339.A.796,[王八] 插進來,tikusa844,你朋友這樣做會不會引起恐慌= =,05/11 17:56,推,1,0,0
M.1589205523.A.578,[黑特] 老乾杯推外帶便當了,silentknight (清純男),武漢肺炎讓很多餐飲業受創 許多知名店家開始推出外帶便當 繼王品集團後燒肉品牌老乾杯也推出外帶便當 A5和牛便當千元有找 只要台幣999 有沒有黑特鄉民想買來吃看看 ,Mon May 11 21:58:39 2020,主文,0,0,3
M.1589205523.A.578,[黑特] 老乾杯推外帶便當了,O300,今天路過欣葉看到有外帶鋪欸,05/11 21:59,→,0,0,3
M.1589205523.A.578,[黑特] 老乾杯推外帶便當了,O300,不知道484原來就有,05/11 21:59,→,0,0,3
M.1589205523.A.578,[黑特] 老乾杯推外帶便當了,O300,不過這樣很讚欸 外帶比內用便宜 只是沒買過不知道好不好ㄘ,05/11 22:00,→,0,0,3
M.1589251637.A.774,[超幹] 幹 來中壢公所辦事 雨有夠大,hateOnas (老伴 你要不要紓困 ),幹 我中壢公所下車的時候還沒有雨的啊 怎麼現在要回車上雨這麼大 幹這是要逼死誰 難道是天要叫我去中原嗎 因為武漢肺炎只有開前門啊 雨要等多久才會停 不爽 這個社會一直在談家庭、教育，以及工作間的平衡，我辭職之後回家帶小孩， 我沒想到這個社會是如此的不安全。 我真的很希望政府、各級單位，能夠做些事情讓媽媽放心帶小孩， 或者是讓媽媽放心工作 ,Tue May 12 10:47:08 2020,主文,2,2,3
M.1589251637.A.774,[超幹] 幹 來中壢公所辦事 雨有夠大,Timekeeper,這個雨大到我都hateOnas了,05/12 11:01,噓,2,2,3
M.1589251637.A.774,[超幹] 幹 來中壢公所辦事 雨有夠大,MiLUu,怕 原來跟檢舉機這麼近,05/12 11:02,推,2,2,3
M.1589251637.A.774,[超幹] 幹 來中壢公所辦事 雨有夠大,hateOnas,你中央的嗎？,05/12 11:05,→,2,2,3
M.1589251637.A.774,[超幹] 幹 來中壢公所辦事 雨有夠大,MiLUu,我家在中原旁邊啊 五分鐘,05/12 11:06,推,2,2,3
M.1589251637.A.774,[超幹] 幹 來中壢公所辦事 雨有夠大,hateOnas,我以前住米老鼠樓上,05/12 11:07,→,2,2,3
M.1589251637.A.774,[超幹] 幹 來中壢公所辦事 雨有夠大,MiLUu,有推薦中原美食嗎,05/12 11:07,→,2,2,3
M.1589251637.A.774,[超幹] 幹 來中壢公所辦事 雨有夠大,touchdowns,這個雨意圖使人 [email protected],05/12 11:08,噓,2,2,3
M.1589355144.A.602,[煩耶] 亂,Switch1018 (天秤寶寶),真的火起來 想要抱怨一下叫外送的部分客人素質 最近武漢肺炎感覺可以找個兼職紓解一下壓力 所以來兼職嘗試送一下賺嗚嗚 但是澳洲客人其實...也是不少@@ 一遇到就快中風 真是一堆XX的連自己地址都不知道 我打電話詢問對方地址是XXX是否正確無誤 對方不耐煩地說:對啦~妳菜鳥是不是啦?然後馬上掛電話XDDD 但我還是好口氣的再打一次電話並說我已經到囉 請問是要送上樓嗎? 再打一次之後 對方只說:對 就打上掛我電話 這時候我已經快要~牙起來了= = 因為他給我oo路60號我把它社區全看過就是沒有60號 第三次打電話確認 那位小姐開始發神經說其他人都送得到就妳送不到blablabla~~ 我的火已經要冒出來了，但還是好聲好氣的問是不是60號呢? 結果她很生氣地說60號啦幹 這時候我打第四通再問一次小姐妳門社區沒有60號唷 然後她突然大吼說我XX的住58號啦~誰跟妳說我住在60號呢? 我妳她嗎的58號啦= = 我前面先打了3通問妳是不是60號跟我說對就算了 都還沒有說完妳就急著掛電話到底是在哈囉? 不是說我們問題多 而是有的人真的連自己住在哪真的都還不太清楚耶XDD 而且不知道她到底知不知道我前前後後花了一小時左右 就為了送妳這個火鍋 不過..其實也沒關係最後打的時候她死不接 我就回報派單客人拒收也不願意給正確地址 就只好實收0囉~(灑花 在小小的說一下 很多客人愛訂外送 蛋就是有少部分的人會把地址亂打或者設定離店家很近= = 不然就是設定鄰居家、公司地址..之類的 我知道可能很多人不喜歡被按電鈴所以我通常電話通知確認 有一次客人打地址某某社區110號 我一過去的時候就看到一位阿婆一臉黑人問號的看著我 我也禮貌性地詢問看看那位阿婆有沒有訂購外送 阿婆說沒有，於是我就把手機給她看 結果阿婆臉超臭很生氣說:XXX又是附近那個陳小姐嗎? 她家就再隔壁幾號而已 然後那位小姐突然就跑出來 很不知羞恥的說:欸底家啦妳送那邊沖三小? 我跟阿婆臉就臭起來= = 小姐妳媽媽生妳的時候是不是忘了給妳帶腦子和羞恥心啊XD 那位阿婆還跟我抱怨這已經不是第一次了~ 晚上還會按她電鈴吵人 真的很討厭欸 有些客人真的拜託先去google地圖找一下自己家在哪 然後再來下訂單 還有要叫外送拜託打正確的地址啦 不要每次都造成大家or鄰居的困擾OK? 比如領樓加蓋沒有門牌之類的，也請再備註留言 不然就至少好好地跟外送員說 不要一副大家都應該知道妳家住哪的跩樣啦= = 還有如果知道自己家是比較不好找的 麻煩備註一下比如 OO便利商店旁邊鐵門樓上前面有兩條狗拐個彎之類的 越清楚越好啦XD 唉，果然不該兼職嗎XD 送到自己很氣哈哈 ,Wed May 13 15:32:21 2020,主文,0,0,0
M.1589470226.A.945,[黑特] 美股狂拉,c402 (小鐵),死那麼多新冠肺炎 這個美國只會炒股 半小時拉快500點 大家什麼都不用做 炒股天下就太平啦 ,Thu May 14 23:30:24 2020,主文,0,0,0
M.1589781853.A.8FB,[震怒] 哭阿,Wardyal (Wardyal),挖肏勒 https://moptt.tw/p/JLPT.M.1589778116.A.810 日文檢定 7月場日本停了 台灣好像也要停了 幹你娘 垃圾中國武漢肺炎 ,Mon May 18 14:04:10 2020,主文,0,0,0
M.1590041896.A.32F,[震怒] 佳琳變家伊,gogin (愛喝可樂的勾勾),幹 沒事又境外移入 連莊就這樣破了 幹 你你媽的中國武漢肺炎 ,Thu May 21 14:18:14 2020,主文,1,0,0
M.1590041896.A.32F,[震怒] 佳琳變家伊,linnderna,生氣氣,05/21 14:27,推,1,0,0
M.1590238960.A.B7D,[超幹] 中共製造武漢肺炎疫苗的心得,Zoology (吃著火鍋 哼著歌),乾 一個朋友的心得是： 有人看到機會，有人製造對立。 乾你娘腦袋是被習維尼乾到嗎？ 乾你娘中共武漢肺炎 乾你娘搞得我提早回台灣 然後機吧找工作無聲卡 乾你娘 繼續舔習維尼 看看那些香港和維吾爾的女生 都被抓走了 乾你娘那個人老婆機吧醜不怕就對了 乾 ,Sat May 23 21:02:38 2020,主文,1,0,1
M.1590238960.A.B7D,[超幹] 中共製造武漢肺炎疫苗的心得,SigmundFreud,別幹了，去邊吃火鍋邊唱歌,05/23 21:04,推,1,0,1
M.1590238960.A.B7D,[超幹] 中共製造武漢肺炎疫苗的心得,Zoology,就說痛風 吃吃雞排壓壓驚,05/23 22:13,→,1,0,1
M.1590416150.A.355,[黑特] 恐龍,RyuuguuRena (竜宮 レナ),媽的 中國武漢肺炎 這禮拜沒有最新的恐龍可以吸了 幹幹幹 雖然有大叔與恐龍可以看 但還是不夠啊 再補個幹 ,Mon May 25 22:15:46 2020,主文,1,0,0
M.1590416150.A.355,[黑特] 恐龍,atnight,我以為4007大戰金槍客,05/25 23:14,推,1,0,0
M.1590556399.A.FD7,[火大] 操你媽中國武漢肺炎,beerbelly (ビールベーリ),甘霖啦啊咧啦操你媽中國武漢肺炎 贛林武漢肺炎肏擊敗 傳播中國武漢肺炎病毒的源頭死全家啦肏 幹你娘 ,Wed May 27 13:13:17 2020,主文,0,0,0
M.1590671396.A.FE5,[超幹] 幹你娘垃圾習俗,abcpoppo (Poppo),幹你娘宗教習俗根本他媽的詐騙 雞掰垃圾老人再遵守那些過時爛東西 新冠肺炎搞什麼鬼怎麼不擴散開來殺光這些廢物老人 雞掰啊幹你娘老人都垃圾地球毒瘤 ,Thu May 28 21:09:54 2020,主文,2,0,0
M.1590671396.A.FE5,[超幹] 幹你娘垃圾習俗,lpbrother,啥習俗?,05/28 21:11,推,2,0,0
M.1590671396.A.FE5,[超幹] 幹你娘垃圾習俗,linnderna,燒金吧,05/28 21:19,推,2,0,0
M.1590774171.A.F08,韓國,cryy (台北裴柱現),武漢肺炎疫情也是很嚴重 現在竟然才排行48==???????????????? excuse me請問這世界是發生了什麼事 幹點就是 午覺睡到晚上七點現在沒睡意 好想跟朴敘俊抱抱睡覺:)))可惡 ,Sat May 30 01:42:48 2020,主文,2,0,4
M.1590774171.A.F08,韓國,lien,吃個宵夜就會想睡了,05/30 01:46,→,2,0,4
M.1590774171.A.F08,韓國,cryy,我不餓欸,05/30 01:52,→,2,0,4
M.1590774171.A.F08,韓國,bill0205,我不能睡了…,05/30 02:07,推,2,0,4
M.1590774171.A.F08,韓國,cryy,蛤,05/30 02:07,→,2,0,4
M.1590774171.A.F08,韓國,bill0205,7點半就要出門 東西都收拾好了,05/30 02:08,推,2,0,4
M.1590774171.A.F08,韓國,cryy,你還有三小時,05/30 02:11,→,2,0,4
M.1590848793.A.B3F,[煩耶] 關於武漢肺炎,sss258 (sss258),怎麼武漢肺炎會有那麼多感冒的症狀呢 還有感冒也會併發肺炎 這根本是感冒病毒吧 要操作的方向可能就是看中醫 吃中藥了吧 ,Sat May 30 22:26:31 2020,主文,1,2,2
M.1590848793.A.B3F,[煩耶] 關於武漢肺炎,linnderna,感冒不會攻擊到心臟,05/30 22:28,推,1,2,2
M.1590848793.A.B3F,[煩耶] 關於武漢肺炎,O300,？？？？？,05/30 22:42,噓,1,2,2
M.1590848793.A.B3F,[煩耶] 關於武漢肺炎,O300,得SARS也會ㄚ,05/30 22:42,→,1,2,2
M.1590848793.A.B3F,[煩耶] 關於武漢肺炎,O300,感冒也是流感病毒,05/30 22:43,→,1,2,2
M.1590848793.A.B3F,[煩耶] 關於武漢肺炎,cryy,……………………？,05/30 23:37,噓,1,2,2
M.1590911290.A.38D,[黑特] @@,Timekeeper (fine),唉 真的很難呀 我花了五個小時的時間 做出來的東西 成功預測的比例還比隨便亂猜成功的比例還低 讓我想到之前武漢肺炎的篩檢 成功率好像只有四成 就有人說隨便丟硬幣都有五成 呵呵 人生好難 ,Sun May 31 15:48:08 2020,主文,1,0,5
M.1590911290.A.38D,[黑特] @@,SigmundFreud,五成POSITIVE的丟硬幣準確率才是五成，只有一兩成,05/31 15:54,推,1,0,5
M.1590911290.A.38D,[黑特] @@,SigmundFreud,POSITIVE的丟成五成，準確率怎麼會是五成，當初講,05/31 15:54,→,1,0,5
M.1590911290.A.38D,[黑特] @@,SigmundFreud,這句的統計大概是體育老師教的,05/31 15:54,→,1,0,5
M.1590911290.A.38D,[黑特] @@,Timekeeper,還是五成吧,05/31 16:16,→,1,0,5
M.1590911290.A.38D,[黑特] @@,Timekeeper,因為negative裡面預測沒肺炎的機率也是五成,05/31 16:16,→,1,0,5
M.1590911290.A.38D,[黑特] @@,Timekeeper,所以總共還是五成,05/31 16:16,→,1,0,5
M.1590974468.A.C76,[超幹] 失業啦 幹,Saikano (喔),老子好不容易容忍你這韓國機八主管九個多月了 想說這公司其實也不差 員工現在也都在家工作三個月了 上個月公司業績還歷史新高 結果星期五下午跟我說 可以打個電話嗎 有事情要談 幹你媽的這種星期五下午說有事情要講的 這就很明顯啦 同事還跟我說 應該只是要交代一些事情 打過去還跟我在那邊問候我孩子多大 在家怎麼樣之類的 到後面開始說現在工作量減少 我覺得公司不能再繼續僱用你了 我幹 幹你媽 韓國人主管對待員工的方式就夠機巴了 好不容易忍下來 想說可以待這間公司久一點 明明我工作上跟別的部門的事情60%都沒她的事 就還硬要過來參一咖 表達自己意見 幹你媽賤婊子 我們是有問妳就是了 說自己壓力多大多大 多少事情要管 幹還不都妳自己自找的 硬要找事情做 硬要參一腳 做事沒邏輯 事情忘東忘西 到最後一刻別人催才想起來 趕緊跑來說這東西馬上要 偏偏老闆就又很聽妳的話 90%說的鬼話都信 員工有意見 聽不進去 還紀仇 最後故意找理由解雇 說自己多累多累 也不想想還不是因為自己有個廢物老公 要做什麼都沒毅力做下去 繞了一大圈 還說要去念神學院當牧師 甲賽啦 還不是在家裡蹲 成天穿吊嘎當韓國大男人 跟我說不能繼續僱用我 還補一句 哎呀我也很不好意思 也知道你有小孩 幹 總之 我失業了啦 操妳妹 反正一堆project我沒做完妳們想辦法自己做 死廢物 還好美國還願意多給失業救濟金一星期六百鎂 乾脆回台灣算了 幹妳媽的武漢肺炎 幹你媽的美國暴動 幹你媽的總族歧視 美國夢 夢你媽 wingthink 我這麼愛妳， 為什麼？ ^ 因為他有象山、雪茄 NY牛排館 y 焙果跟NY牛排啊 揪咪 5A ,Mon Jun  1 09:20:51 2020,主文,1,0,3
M.1590974468.A.C76,[超幹] 失業啦 幹,zn0606,拍拍，真的幹,06/01 09:22,→,1,0,3
M.1590974468.A.C76,[超幹] 失業啦 幹,Saikano,打完才發現自己中文多差 種族啦幹~,06/01 09:23,→,1,0,3
M.1590974468.A.C76,[超幹] 失業啦 幹,Workforme,台灣沒有一星期600鎂這麼好價錢,06/01 09:25,推,1,0,3
M.1590974468.A.C76,[超幹] 失業啦 幹,Saikano,但還是要扣稅阿.... 慘,06/01 09:26,→,1,0,3
M.1591105537.A.057,[黑特] 真的要小心啦,Wolfgang9527 (Madao),幹 https://www.youtube.com/watch?v=Q46uPVBa2J0 跟新冠病毒搏命4個月多 武漢黑臉醫生逝 真的防疫不能鬆懈啦 看看之前 幹 人都能坐起來 跟同事啊 家人啊 開心聊天 拍照 結果呢 原本以為好轉了 OK了 這段黑臉回憶 以後還能跟後輩啊 子孫啊 說嘴 俺是包青天啦~ 之類的 可是呢 沒想到掛了 幹... 所以 現在台灣還不能輕敵啦 一定得等到 疫苗啊 特效藥啊 開發出來啦 要不然咧 看看之前身強力壯的 沒想到 一得病 好轉後 還是掛了啊 然後...題外話 我真的不會唱歌 一堆KEY 又是什麼意思 我不懂=..= 幹 ,Tue Jun  2 21:45:35 2020,主文,0,0,0
M.1591147957.A.6D2,[黑特] 幹你娘武漢肺炎,mymicos (mymicos),衣服又沾到漂白水，有夠靠背 應該問老闆能不能報治裝費 幹 ,Wed Jun  3 09:32:35 2020,主文,4,0,7
M.1591147957.A.6D2,[黑特] 幹你娘武漢肺炎,rererere147,不能,06/03 09:41,→,4,0,7
M.1591147957.A.6D2,[黑特] 幹你娘武漢肺炎,dreamcomes,五樓買衣服給買米,06/03 09:43,推,4,0,7
M.1591147957.A.6D2,[黑特] 幹你娘武漢肺炎,dreamcomes,蓋,06/03 09:44,→,4,0,7
M.1591147957.A.6D2,[黑特] 幹你娘武漢肺炎,mymicos,蓋,06/03 09:58,→,4,0,7
M.1591147957.A.6D2,[黑特] 幹你娘武漢肺炎,mymicos,蓋,06/03 09:58,→,4,0,7
M.1591147957.A.6D2,[黑特] 幹你娘武漢肺炎,mymicos,蓋 幹,06/03 09:58,→,4,0,7
M.1591147957.A.6D2,[黑特] 幹你娘武漢肺炎,dreamcomes,好可憐沒有贊助商,06/03 10:04,推,4,0,7
M.1591147957.A.6D2,[黑特] 幹你娘武漢肺炎,mymicos,=..=,06/03 10:10,→,4,0,7
M.1591147957.A.6D2,[黑特] 幹你娘武漢肺炎,dreamcomes,去睡覺,06/03 10:26,推,4,0,7
M.1591147957.A.6D2,[黑特] 幹你娘武漢肺炎,touchdowns,我贊助妳<33333,06/03 12:15,推,4,0,7
M.1591147957.A.6D2,[黑特] 幹你娘武漢肺炎,JC83,玫瑰我有漂黑水,06/03 12:28,→,4,0,7
M.1591454700.A.BA5,[王八] 垃圾,Seirra (ゆこ ),哀 可憐哪 不還錢垃圾廢棄物你他媽全家武漢肺炎死好 混帳東西 破人格沒覽趴 趕快去死一死 賭海無邊，回頭是岸 皿 冥 幹你媽的，死王八蛋 燈 照世冥燈 ASDF41514,Sat Jun  6 22:44:58 2020,主文,0,0,0
M.1591464220.A.E64,[王八] ,Seirra (ゆこ ),媽的 婊子配狗天長地久 垃圾配婊子 兩隻都是狗 物以類聚 什麼鍋配什麼蓋 全家武漢肺炎 跟你的婊子爽快過活吧 別放生喔 賭海無邊，回頭是岸 皿 冥 幹你媽的，死王八蛋 燈 照世冥燈 ASDF41514,Sun Jun  7 01:23:38 2020,主文,0,0,0
M.1592664925.A.FEA,[黑特] 加拿大武漢肺炎病例破10萬,lpbrother (LP哥(LP = Love & Peace)),花了半年時間， 加拿大也進入 10 萬俱樂部 很奇怪的是巴西也破百萬 但是卻沒啥人報導 我難過 補個幹 ,Sat Jun 20 22:55:23 2020,主文,3,0,0
M.1592664925.A.FEA,[黑特] 加拿大武漢肺炎病例破10萬,dannyxm3,公視有報導,06/20 23:05,推,3,0,0
M.1592664925.A.FEA,[黑特] 加拿大武漢肺炎病例破10萬,lehman,為啥台灣那麼少？,06/20 23:51,推,3,0,0
M.1592664925.A.FEA,[黑特] 加拿大武漢肺炎病例破10萬,EEERRIICC,口罩股都漲10幾倍了...沒爆發可理解,06/21 00:14,推,3,0,0
M.1592751545.A.CBA,[黑特] 武漢肺炎,Timekeeper (fine),剛看到這個新聞 https://reurl.cc/Nj8979 病毒應該不會跟著洋芋片、可樂一起過來台灣吧 不然有點可怕欸 嘖嘖 ,Sun Jun 21 22:59:03 2020,主文,0,0,0
M.1593328295.A.826,[火大] ,Switch1018 (天秤寶寶),突然想到去年的事情 人生第一次吃到不新鮮蝦子耶 大過敏之後 現在只要在外面用餐看到蝦子都會覺得很害怕... 但是我自己又很喜歡吃蝦子呀 到底為什麼啊..... 還記得我去年的年底到了某XOXO用餐 四個人就花了兩千多塊接近三千多台幣左右 回到家裡面不到半小時臉就開始覺得癢 後來覺得應該是過敏就趕快跑去藥局買成藥來吃 同行的友人也有人出現跟我差不多的情況 還好心打電話跟店家說食材不新鮮請他們不要再使用了 以免有下一個受害者出現 那一家餐廳的老闆也說如果我們有去看醫生會負責的 但是也沒有很清楚的交代到底需要用什麼麼樣的文件資料 過了大約半小時以後，覺得吃藥實在沒有什麼太明顯的用處耶 反而是全身變成癢到不行還發燙害我一直扭來扭去的 趕快去掛了急診還足足地挨了兩個針頭那麼多... 在醫院待了兩個多小時左右了吧 突然驚覺都半夜了也就趕快回家裡面做休息了 事後過了好幾天，應該過一個禮拜有了吧我猜 店家根本也就完全沒有打電話過來關心一下我們呀 我們越想越不對勁，花錢吃飯還要自付店家他們 因為食材不乾淨而產生的醫藥費用???? 越想越不甘心，我就打電話過去做詢問店家 它們的服務人員說要詢問他們老闆，之後才會再請她們老闆打給我 再來老闆回電了，說要開立診斷證明書加上收據才算數耶 但是問題就來了，醫院不是在我家附近耶 有說去就去這麼容易喔? 等到我有空再特地跑一趟要開診斷證明書的時候 護理師就說既然這樣的話，妳要再掛一次急診唷 我當下就覺得自己這樣實在太過浪費醫療資源 也非常浪費自己的時間，所以我就馬上離開醫院了 又打電話給餐廳說請退我餐費就好 醫療產生的費用我在自己想辦法就好了吧 當時店家他們也是粉堅持說要我再跑一趟醫院 去掛號開診斷證明書 店家他們也反拍了我的醫院收據以及我之前過敏的照片 但最後卻一直沒有很想要趕快處理的感覺 後來武漢肺炎疫情爆發我也不敢亂跑醫院，就一直拖著等 最後跟他們總公司的客服人員聯絡上 當時客服人員說還是要請我們去醫院開立診斷證明書 又補充了一些說如果沒有開立無法證明是因為吃他們家的東西過敏 我就生氣回應她說:我們確實吃完就是回家發作了 連醫生也是說我們是海鮮過敏感到不舒服 也都有當時的照片存證以及那時候醫院急診室的收據 可以證明我們一行人真的有去吃過你們餐廳，不是來搗蛋的 但沒有想到的事情發生了 客服人員卻說:有可能是我們吃完他們餐廳之後 又回去吃到什麼不乾淨的東西導致我們才會像這個樣子過敏 況且當天用餐的人根本一個也都沒有事情發生 怎麼就只有你們過敏啊，你們真的是好奇怪喔 最後我看她好像無法溝通，並且不太有邏輯以及同理心的樣子 我懶得跟他說了，只是瀟灑的回應她: 啊那妳不就很會吃?妳去吃到飽吃完回家還會再去吃東西唷? 就這樣吧，懶得跟妳說了，掰囉 後來最後協調的結果 其實也只是請他們餐廳退當天用餐的那一頓吃飯錢給我們而已 但是醫藥費什麼的，往返醫院的車錢 心靈受創的補償之類的卻是一毛也都見不到呢 等於是怎麼看都是我們大虧而且沒有達成協議 我們也想說那就算了反正也才兩三千塊錢而已 就懶得跟她吵了 大不了我不會再踏進你們家餐廳了 這樣應該可以了吧 怕人家吃還敢開吃到飽啊 重點是食材根本也都不新鮮嘛 是要害死誰呀 想要長久經營還是要在食材上下功夫的才行吧 難不成這就是所謂的黑心店家嗎= =.... 一出問題就先全部推到消費者的身上再說 我還真的是大開眼界了耶 感謝你們喔 ,Sun Jun 28 15:11:33 2020,主文,0,0,0
M.1593527989.A.5F7,[黑特] 流行性感冒每年造成65萬人死亡,lpbrother (LP哥(LP = Love & Peace)),現在新冠肺炎造成全球 50 萬人死亡 差不多已經接近每年流行性感冒造成的死亡人數了 恐怖 補個幹 ,Tue Jun 30 22:39:47 2020,主文,1,0,1
M.1593527989.A.5F7,[黑特] 流行性感冒每年造成65萬人死亡,SigmundFreud,流行性感冒*2的概念,06/30 22:45,推,1,0,1
M.1593527989.A.5F7,[黑特] 流行性感冒每年造成65萬人死亡,win8719,現在第二波發酵中,06/30 23:10,→,1,0,1
M.1593613977.A.749,[黑特] 腸病毒人數也少超多,lpbrother (LP哥(LP = Love & Peace)),https://i.imgur.com/6ZccYpI.jpg 今年因為武漢肺炎的關係 大家都勤洗手 跟去年比起來腸病毒的就診人數少超多 補個幹 ,Wed Jul  1 22:32:55 2020,主文,0,0,0
M.1593673989.A.34C,[黑特] 中國武漢肺炎憑什麼只有八萬多,tmen520 (廢文王),幹他娘的 中國憑什麼只有八萬多確診 八百萬還差不多 有種講實話啊 垃圾騙子 真他媽無恥小孬孬 春秋時代有周文王 ptt有廢文王 ,Thu Jul  2 15:13:05 2020,主文,0,0,2
M.1593673989.A.34C,[黑特] 中國武漢肺炎憑什麼只有八萬多,gary8810916,你憑什麼相信中國數據,07/02 15:13,→,0,0,2
M.1593673989.A.34C,[黑特] 中國武漢肺炎憑什麼只有八萬多,gary8810916,我只服買米阿姨的紀錄,07/02 15:13,→,0,0,2
M.1594013620.A.715,[黑特] 靠北武漢肺炎,ruby122825 (Ruby),都是虫國人當初不好好通報武漢肺炎 把現在這世界搞得怎樣 從海外回來還得隔離14天 家人現在就在加護病房 我在台灣也只能繼續隔離 虫國人真的是毀滅這世界霸主 希望你們快點自爆什麼爛國家 ,Mon Jul  6 13:33:38 2020,主文,0,0,1
M.1594013620.A.715,[黑特] 靠北武漢肺炎,whiterose512,支那就是世界遺毒,07/06 14:40,→,0,0,1
M.1594038356.A.565,[超幹] 想去中國,AnpingTW (阿P),幹 武漢肺炎前我存了100萬人民幣在中國的銀行 原本當作那筆錢會被沒收 最近銀行居然打國際電話來找我 讓我感動不已 雖然這人民幣100萬我還是覺得沒機會轉回台灣了 要是能夠每半年住中國 依中國的低消費 一年花個56萬人民幣 這樣可以50歲退休吧 等70歲時因中國醫療落後 我只能住在台灣 人民幣存款屆時已花光 也不必擔心 問題是 他媽的中國能不能一直跟台灣維持和平? 至少再維持個50年吧拜託了幹 ,Mon Jul  6 20:25:54 2020,主文,2,0,1
M.1594038356.A.565,[超幹] 想去中國,hseo,我老了想去中國傳佛教 因為他們現在在毀寺廟佛像,07/06 20:28,推,2,0,1
M.1594038356.A.565,[超幹] 想去中國,SigmundFreud,中國曆法比較快，你去了會老很快喔，像1997他們已經,07/06 20:33,推,2,0,1
M.1594038356.A.565,[超幹] 想去中國,SigmundFreud,過了50年了到今天,07/06 20:33,→,2,0,1
M.1594375725.A.955,:(,cryy (台北裴柱現),本來錢丟定存機動利率 誰知道利率已經夠低了又被武漢肺炎搞一個大降息 只能拿4000多惹喇 本來5000多 QQ 幹幹 離職後開始研究股票 但現在感覺也不是買的時機== 今天薪水24200 讚讚捏 這個月的薪水大概是萬三 我有萬三的零用錢可以亂花惹 ,Fri Jul 10 18:08:01 2020,主文,22,0,22
M.1594375725.A.955,:(,ostrichgun,別怕 大橫木70都沒在怕了,08/16 02:13,→,22,0,22
M.1594375725.A.955,:(,rrr518,樓上已死,08/16 02:16,推,22,0,22
M.1594375725.A.955,:(,rererere147,友人說現在股票隨便買隨便賺 供你參考,07/10 18:12,推,22,0,22
M.1594375725.A.955,:(,cryy,我覺得國際疫情還沒回穩 怕,07/10 18:18,→,22,0,22
M.1594375725.A.955,:(,qscxz,買生技呀 睏霸數錢,07/10 18:21,推,22,0,22
M.1594375725.A.955,:(,sasa789,歐印宏達電,07/10 18:21,推,22,0,22
M.1594375725.A.955,:(,cryy,等我研究ㄍ 怕怕,07/10 18:30,→,22,0,22
M.1594375725.A.955,:(,angelgirl13,歪歪養我<3 然後一起敗家 灑花,07/10 18:32,推,22,0,22
M.1594375725.A.955,:(,O928,三個月前才是買股票的好時機,07/10 18:33,推,22,0,22
M.1594375725.A.955,:(,takashi01,感覺不是入場時機欸,07/10 18:34,推,22,0,22
M.1594375725.A.955,:(,takashi01,我是說現在,07/10 18:34,→,22,0,22
M.1594375725.A.955,:(,takashi01,之前我叫我哥買9919 他22就賣惹,07/10 18:34,→,22,0,22
M.1594375725.A.955,:(,takashi01,要不如捏一下上台GG護國神山？,07/10 18:35,→,22,0,22
M.1594375725.A.955,:(,O928,台積電我274買四張，覺得那時買少了,07/10 18:36,推,22,0,22
M.1594375725.A.955,:(,takashi01,我覺得可以研究一下美股 應該後會噴不少井,07/10 18:37,推,22,0,22
M.1594375725.A.955,:(,win8719,台股世界強別怕,07/10 18:43,推,22,0,22
M.1594375725.A.955,:(,lpbrother,大跌那時候就要買,07/10 18:43,推,22,0,22
M.1594375725.A.955,:(,win8719,怕去買中華電信好了一年怎差都有4%,07/10 18:44,→,22,0,22
M.1594375725.A.955,:(,takashi01,航空股有就嗎,07/10 18:45,推,22,0,22
M.1594375725.A.955,:(,lpbrother,現在都差不多要解封了,07/10 18:47,→,22,0,22
M.1594375725.A.955,:(,cryy,我真的不覺得現在的局面可以那麼樂觀ㄟ,07/10 18:47,→,22,0,22
M.1594375725.A.955,:(,cryy,但世界每日感染人數還一直破新高,07/10 18:47,→,22,0,22
M.1594375725.A.955,:(,takashi01,所以叫你研究美股阿 相對低點,07/10 18:48,推,22,0,22
M.1594375725.A.955,:(,cryy,都來瞧瞧咩,07/10 18:49,→,22,0,22
M.1594375725.A.955,:(,takashi01,台灣疫情太穩惹,07/10 18:50,→,22,0,22
M.1594375725.A.955,:(,takashi01,美國又動亂 又有疫情 還要選舉,07/10 18:51,→,22,0,22
M.1594375725.A.955,:(,takashi01,選舉時美股應該會穩一波,07/10 18:53,→,22,0,22
M.1594375725.A.955,:(,lpbrother,改買瑞昱,07/10 18:53,推,22,0,22
M.1594375725.A.955,:(,takashi01,爸爸終於報名牌惹,07/10 18:53,→,22,0,22
M.1594375725.A.955,:(,takashi01,可四好貴,07/10 18:55,→,22,0,22
M.1594375725.A.955,:(,takashi01,還肆我買華航或長榮當存股 反正也不會在跌惹,07/10 18:58,推,22,0,22
M.1594375725.A.955,:(,cryy,你確定ㄇ,07/10 19:00,→,22,0,22
M.1594375725.A.955,:(,cryy,are you sure,07/10 19:00,→,22,0,22
M.1594375725.A.955,:(,takashi01,肥肥沒錢錢,07/10 19:05,推,22,0,22
M.1594375725.A.955,:(,takashi01,爸爸報的名牌都太貴惹,07/10 19:06,→,22,0,22
M.1594375725.A.955,:(,win8719,現在疫情除非突然大量爆發不然很多人快無感了= =,07/10 19:06,推,22,0,22
M.1594375725.A.955,:(,cryy,only taiwan,07/10 19:17,→,22,0,22
M.1594375725.A.955,:(,qscxz,274真的不要提啦 我買139都不敢講話了...,07/10 19:22,推,22,0,22
M.1594375725.A.955,:(,lpbrother,華航是國營的不會倒,07/10 19:23,推,22,0,22
M.1594375725.A.955,:(,lpbrother,只是你說存股，連股利都不發了，是要存來幹嘛？,07/10 19:23,→,22,0,22
M.1594375725.A.955,:(,takashi01,存來等漲吧 哈哈哈哈,07/10 19:32,推,22,0,22
M.1594375725.A.955,:(,win8719,華航等漲不如中華電領股利,07/10 19:36,推,22,0,22
M.1594375725.A.955,:(,cryy,等漲也要明年或年底了,07/10 19:56,→,22,0,22
M.1594375725.A.955,:(,win8719,如果買紅茶店1000多的可以說話嗎,07/10 19:59,推,22,0,22
M.1594435893.A.62D,Re: [煩耶] 開黑店敲竹槓店還能理直氣壯的,q910044 (弦樂五重奏),馬的真是噁心的嘴臉 不得不罵兩次 當初在國外四處炫耀自己賺超多 然後騙人去那 卻安插自己全部親戚工作 走到哪安排到哪 還夥同親戚趕走無辜的背包客 回國在坑丁開敲族槓店 有賺錢時還同一個人結婚三次要賺紅包錢 我最倒楣是帶朋友去你那 被騙 而且還四處用我名聲套我朋友圈 沒看到你家坑店太貴大家都不去住 EQ高 應該是心機高 後來看到你他媽的遭到報應在那跟媒體對罵 笑死現在時間超多看你都在那罵政治 趁這暑假賺你最後一票吧 還是你以為每年都會有武漢肺炎? : 幹你娘 有一個人在開黑店黑朋友錢 : 結果在那講自己優點是EQ很高 : 很高的話我當初帶朋友去你那等於帶錢去你那 : 竟然還被你兇? : 明明自己遭到報應被人整鍋端掉了 : 當初自己在國外也沒幫過人 : 現實的要死 : 死垃圾,Sat Jul 11 10:51:31 2020,回文,0,0,0
M.1594564391.A.4FE,[黑特] 幹你娘武漢肺炎,werqt (可愛),幹你娘武漢肺炎臭掰 近平的菜肛門被普抹日本芥末雞姦六百遍到脫肛 灑滿地糞水噴到他爸墳上長出五千棵爛茄 在插到唐德塞嘴裡終身軟屌發霉臭包皮 ,Sun Jul 12 22:33:09 2020,主文,0,0,0
M.1594805389.A.293,[黑特] ,asol56 (巧寶),畢業一個月回家了 爸媽每一兩天就情緒勒索我要我在家幫忙 但我知道只要一留下我就走不出去了 每天投工作覺得心好累 越投越不知道自己要什麼 我想面試的公司都不面試我 我不想的都叫我去 找了半個月了 希望越來越好 幹尼娘武漢肺炎 ,Wed Jul 15 17:29:45 2020,主文,1,0,5
M.1594805389.A.293,[黑特] ,SigmundFreud,所以我大學畢業果斷不搬回家,07/15 17:30,→,1,0,5
M.1594805389.A.293,[黑特] ,aa78216,加油 慢慢找ㄅ,07/15 17:32,→,1,0,5
M.1594805389.A.293,[黑特] ,gary8810916,來高雄工作 23k,07/15 17:34,推,1,0,5
M.1594805389.A.293,[黑特] ,asol56,其實蠻想回高雄的，但我不回家我必定還是得花到他們的錢,07/15 17:36,→,1,0,5
M.1594805389.A.293,[黑特] ,asol56,所以就想回家找...結果天天被勒索，變想出去家的動力,07/15 17:37,→,1,0,5
M.1594805389.A.293,[黑特] ,SigmundFreud,我也高雄人,07/15 19:05,→,1,0,5
M.1594892400.A.255,[黑特] 終於知道台灣護照的好了吧,Xenomania (早安。午安‧晚安),在下魯魯目前人在海外 加入了一個海外台灣人武漢肺炎自救會臉書社團 最近美國疫情沒有變好反而越來越嚴重 在社團裡就看到一些幾十年都沒台灣護照的台灣美國人 突然起了孝心？ 想要回來照顧在台灣年邁的雙親， 想要帶在美國出生從來沒拿過台灣護照的孩子們回來看阿公阿嬤 或者是想要認祖歸宗 台灣人小時候移民美國，只有身分證字號沒有護照... 爸爸台灣人媽媽外國人活了29歲，最近突然想拿台灣護照 幹 你就說你怕死想要回台灣就好了 你就說你要用台灣便宜健保等到疫苗出來便宜打一劑再回美國當你美國人 我覺得很正常。 硬是要找一個矯情的藉口 怕死就說怕死，大家反而可以理解。 還有人後悔沒幫女兒申請台灣護照不然隔離就可以跟台灣政府申請補助 幹 你是繳過台灣稅金嗎 這些海外台灣人真的是不要臉到了一個極點。 ,Thu Jul 16 17:39:58 2020,主文,2,0,1
M.1594892400.A.255,[黑特] 終於知道台灣護照的好了吧,SigmundFreud,沒繳稅就乖乖當美國人,07/16 17:58,推,2,0,1
M.1594892400.A.255,[黑特] 終於知道台灣護照的好了吧,rererere147,美國小明,07/16 18:04,→,2,0,1
M.1594892400.A.255,[黑特] 終於知道台灣護照的好了吧,lehman,我躲在台灣很久了。,07/16 22:02,推,2,0,1
M.1595045323.A.BF3,[黑特] 印度也加入百萬俱樂部了,lpbrother (LP哥(LP = Love & Peace)),印度的武漢肺炎確診人數破百萬 進入前三名 全球人數 1400 萬 真恐怖 下一個可能就是俄羅斯了 ,Sat Jul 18 12:08:41 2020,主文,1,1,2
M.1595045323.A.BF3,[黑特] 印度也加入百萬俱樂部了,SigmundFreud,任何人有兩千五百萬都可以參加慈善撲克王大賽,07/18 12:09,→,1,1,2
M.1595045323.A.BF3,[黑特] 印度也加入百萬俱樂部了,qscxz,為何中國都沒疫情了,07/18 12:12,推,1,1,2
M.1595045323.A.BF3,[黑特] 印度也加入百萬俱樂部了,lpbrother,中國都快痊癒了,07/18 12:13,→,1,1,2
M.1595045323.A.BF3,[黑特] 印度也加入百萬俱樂部了,aa78216,中國水患現在比肺炎還嚴重ㄅ,07/18 12:23,噓,1,1,2
M.1595065485.A.694,[黑特] 在衣櫃裡要怎麼上吊自殺？,deeeplove (想不到ID),幹幹 2020是要失去多少人 太扯了比2019還慘 2020先不講明星們的過世 還多了個武漢肺炎 氣死 柯比、三浦、...這都是完全想不到的人欸操 還有半年要撐 我們 都太難了 大家 堅強 ,Sat Jul 18 17:44:43 2020,主文,3,0,2
M.1595065485.A.694,[黑特] 在衣櫃裡要怎麼上吊自殺？,mymicos,吳朋奉...QAQ,07/18 17:47,推,3,0,2
M.1595065485.A.694,[黑特] 在衣櫃裡要怎麼上吊自殺？,SigmundFreud,kobe?,07/18 17:48,推,3,0,2
M.1595065485.A.694,[黑特] 在衣櫃裡要怎麼上吊自殺？,rererere147,死意堅強 窗戶甚至門把都能,07/18 17:48,→,3,0,2
M.1595065485.A.694,[黑特] 在衣櫃裡要怎麼上吊自殺？,deeeplove,衣櫃那麼耐重嗎,07/18 17:51,→,3,0,2
M.1595065485.A.694,[黑特] 在衣櫃裡要怎麼上吊自殺？,lehman,出櫃啊。,07/18 18:03,推,3,0,2
M.1595077847.A.706,[黑特] 戒冰戒涼飲,AnpingTW (阿P),他媽的 這個夏天是的主因是太熱 我每天必吃雪糕或剉冰 沒去買冰時就是一杯500c.c.涼飲 沒有不含糖沒有不含糖沒有不含糖 加上武漢肺炎疫情影響 不外出旅遊或打工 成天窩在家裡或公司吃喝睡 當然飆胖 站上體重計 從五月到現在胖了4公斤 他媽的 肥肉累積真的超級快 為了減肥 我除了戒掉冰品跟涼飲 也要再去打一面勞動一面賺錢的工 真的不能懶 ,Sat Jul 18 21:10:45 2020,主文,0,0,0
M.1595088371.A.2AE,[夭壽] 治水,aa78216 (寄了回我),講到治水就會想到長江三峽大壩 前幾天在八卦看到一篇治水文， 就會想到古代人為什麼沒有現代的技術 還是能好好的處理水患。 啊現代人就自以爲聰明啊 以爲自己的洨腦袋可以克服一切 殊不知都是有道理的嘛。 看到一篇更好笑的幹。 大陸人口那麼多， 一人吐一口口水就能把台灣淹沒了； 那人口那麼多怎麼不一人吸一口水 把水患治好？ 好啦，這都是幹話 希望武漢肺炎跟水患都能趨緩 地球可不能停擺太久 也希望全世界能夠重新洗牌一下， 但我想應該很難吧 幹，又12點了 還沒發晚點名QUQ ,Sun Jul 19 00:06:09 2020,主文,1,0,2
M.1595088371.A.2AE,[夭壽] 治水,touchdowns,唉...,07/19 00:11,推,1,0,2
M.1595088371.A.2AE,[夭壽] 治水,gary8810916,都是台灣人都在講三峽大壩要崩潰 十幾年過去 還是好,07/19 00:14,→,1,0,2
M.1595088371.A.2AE,[夭壽] 治水,gary8810916,好的,07/19 00:14,→,1,0,2
M.1595722847.A.E77,[王八] 昨晚恐龍和大象在比相撲,wintersea (辯解唯一死刑),要是民眾知道鐵的駕駛員 心理素質這麼糟 應該覺得搭屍速列車都來的安全 你的噁心漫延整列車廂 全台的車站因為有你經過而汙染腐蝕 空調瀰漫著瘋貪的氣息 比武漢肺炎還毒的病毒在你身上 你最適合永世隔離 不適合與人接觸 ,Sun Jul 26 08:20:45 2020,主文,0,0,0
M.1595772379.A.BEC,[王八] 幹你中國武漢肺炎,b1233967 (紅龜粿),去年去日本換宿的hostel被武漢肺炎弄倒了 幹 在那邊認識了各國的朋友，甚至是現在的女朋友 說好要再回去找大家玩的...... 那樣的環境、那樣的氣氛 再也回不去了 最後的hostel送別會也是在zoom上面舉行 所有相遇的旅人、小幫手為hostel送行 有歡笑、有淚水 天下無不散的筵席 只是這實在來的又快又突然 眼淚還是停不下來...... 好好珍惜自己所愛的一切吧 然後 幹你中國武漢肺炎 不管 到時候再一個一個國家飛去找大家玩 ,Sun Jul 26 22:06:13 2020,主文,1,0,0
M.1595772379.A.BEC,[王八] 幹你中國武漢肺炎,mymicos,...拍拍,07/26 22:12,推,1,0,0
M.1596292638.A.7ED,[黑特] MLB,Timekeeper (fine),傻眼 最近MLB越來越多球員確診武漢肺炎了 呵呵 可悲的主席 低能成這樣 把一個好好的聯盟搞到現在這個樣子 也是很不簡單 看看人家NBA防疫做得多好 同樣是美國的職業運動 為啥MLB就搞成這樣子? 我看繼續下去也只會更多球隊和球員確診而已 8月的比賽不知道能不能打得完呢 ,Sat Aug  1 22:37:16 2020,主文,1,0,0
M.1596292638.A.7ED,[黑特] MLB,touchdowns,QQ,08/01 22:39,推,1,0,0
